group_id,label,quadrant,file_name,source_file,window_count,low_window_count
C:\Users\Brazza\Documents\UFOP\TCC\Algoritmos\Tools\datasets\raw_bin\quad1\empty\empty_20260614_100146.bin,empty,quad1,empty_20260614_100146.bin,C:\Users\Brazza\Documents\UFOP\TCC\Algoritmos\Tools\datasets\raw_bin\quad1\empty\empty_20260614_100146.bin,1,True
C:\Users\Brazza\Documents\UFOP\TCC\Algoritmos\Tools\datasets\raw_bin\quad1\empty\empty_20260614_100339.bin,empty,quad1,empty_20260614_100339.bin,C:\Users\Brazza\Documents\UFOP\TCC\Algoritmos\Tools\datasets\raw_bin\quad1\empty\empty_20260614_100339.bin,1,True
C:\Users\Brazza\Documents\UFOP\TCC\Algoritmos\Tools\datasets\raw_bin\quad1\empty\empty_20260614_100532.bin,empty,quad1,empty_20260614_100532.bin,C:\Users\Brazza\Documents\UFOP\TCC\Algoritmos\Tools\datasets\raw_bin\quad1\empty\empty_20260614_100532.bin,1,True
C:\Users\Brazza\Documents\UFOP\TCC\Algoritmos\Tools\datasets\raw_bin\quad1\empty\empty_20260614_100702.bin,empty,quad1,empty_20260614_100702.bin,C:\Users\Brazza\Documents\UFOP\TCC\Algoritmos\Tools\datasets\raw_bin\quad1\empty\empty_20260614_100702.bin,1,True
C:\Users\Brazza\Documents\UFOP\TCC\Algoritmos\Tools\datasets\raw_bin\quad1\empty\empty_20260614_100111.bin,empty,quad1,empty_20260614_100111.bin,C:\Users\Brazza\Documents\UFOP\TCC\Algoritmos\Tools\datasets\raw_bin\quad1\empty\empty_20260614_100111.bin,2,True
C:\Users\Brazza\Documents\UFOP\TCC\Algoritmos\Tools\datasets\raw_bin\quad1\empty\empty_20260614_100123.bin,empty,quad1,empty_20260614_100123.bin,C:\Users\Brazza\Documents\UFOP\TCC\Algoritmos\Tools\datasets\raw_bin\quad1\empty\empty_20260614_100123.bin,2,True
C:\Users\Brazza\Documents\UFOP\TCC\Algoritmos\Tools\datasets\raw_bin\quad1\empty\empty_20260614_100134.bin,empty,quad1,empty_20260614_100134.bin,C:\Users\Brazza\Documents\UFOP\TCC\Algoritmos\Tools\datasets\raw_bin\quad1\empty\empty_20260614_100134.bin,2,True
C:\Users\Brazza\Documents\UFOP\TCC\Algoritmos\Tools\datasets\raw_bin\quad1\empty\empty_20260614_100158.bin,empty,quad1,empty_20260614_100158.bin,C:\Users\Brazza\Documents\UFOP\TCC\Algoritmos\Tools\datasets\raw_bin\quad1\empty\empty_20260614_100158.bin,2,True
C:\Users\Brazza\Documents\UFOP\TCC\Algoritmos\Tools\datasets\raw_bin\quad1\empty\empty_20260614_100252.bin,empty,quad1,empty_20260614_100252.bin,C:\Users\Brazza\Documents\UFOP\TCC\Algoritmos\Tools\datasets\raw_bin\quad1\empty\empty_20260614_100252.bin,2,True
C:\Users\Brazza\Documents\UFOP\TCC\Algoritmos\Tools\datasets\raw_bin\quad1\empty\empty_20260614_100303.bin,empty,quad1,empty_20260614_100303.bin,C:\Users\Brazza\Documents\UFOP\TCC\Algoritmos\Tools\datasets\raw_bin\quad1\empty\empty_20260614_100303.bin,2,True
C:\Users\Brazza\Documents\UFOP\TCC\Algoritmos\Tools\datasets\raw_bin\quad1\empty\empty_20260614_100353.bin,empty,quad1,empty_20260614_100353.bin,C:\Users\Brazza\Documents\UFOP\TCC\Algoritmos\Tools\datasets\raw_bin\quad1\empty\empty_20260614_100353.bin,2,True
C:\Users\Brazza\Documents\UFOP\TCC\Algoritmos\Tools\datasets\raw_bin\quad1\empty\empty_20260614_100507.bin,empty,quad1,empty_20260614_100507.bin,C:\Users\Brazza\Documents\UFOP\TCC\Algoritmos\Tools\datasets\raw_bin\quad1\empty\empty_20260614_100507.bin,2,True
C:\Users\Brazza\Documents\UFOP\TCC\Algoritmos\Tools\datasets\raw_bin\quad1\empty\empty_20260614_100546.bin,empty,quad1,empty_20260614_100546.bin,C:\Users\Brazza\Documents\UFOP\TCC\Algoritmos\Tools\datasets\raw_bin\quad1\empty\empty_20260614_100546.bin,2,True
C:\Users\Brazza\Documents\UFOP\TCC\Algoritmos\Tools\datasets\raw_bin\quad1\empty\empty_20260614_100715.bin,empty,quad1,empty_20260614_100715.bin,C:\Users\Brazza\Documents\UFOP\TCC\Algoritmos\Tools\datasets\raw_bin\quad1\empty\empty_20260614_100715.bin,2,True
C:\Users\Brazza\Documents\UFOP\TCC\Algoritmos\Tools\datasets\raw_bin\quad2\empty\empty_20260614_102444.bin,empty,quad2,empty_20260614_102444.bin,C:\Users\Brazza\Documents\UFOP\TCC\Algoritmos\Tools\datasets\raw_bin\quad2\empty\empty_20260614_102444.bin,1,True
C:\Users\Brazza\Documents\UFOP\TCC\Algoritmos\Tools\datasets\raw_bin\quad2\empty\empty_20260614_102641.bin,empty,quad2,empty_20260614_102641.bin,C:\Users\Brazza\Documents\UFOP\TCC\Algoritmos\Tools\datasets\raw_bin\quad2\empty\empty_20260614_102641.bin,1,True
C:\Users\Brazza\Documents\UFOP\TCC\Algoritmos\Tools\datasets\raw_bin\quad2\empty\empty_20260614_102757.bin,empty,quad2,empty_20260614_102757.bin,C:\Users\Brazza\Documents\UFOP\TCC\Algoritmos\Tools\datasets\raw_bin\quad2\empty\empty_20260614_102757.bin,1,True
C:\Users\Brazza\Documents\UFOP\TCC\Algoritmos\Tools\datasets\raw_bin\quad2\empty\empty_20260614_102213.bin,empty,quad2,empty_20260614_102213.bin,C:\Users\Brazza\Documents\UFOP\TCC\Algoritmos\Tools\datasets\raw_bin\quad2\empty\empty_20260614_102213.bin,2,True
C:\Users\Brazza\Documents\UFOP\TCC\Algoritmos\Tools\datasets\raw_bin\quad2\empty\empty_20260614_102227.bin,empty,quad2,empty_20260614_102227.bin,C:\Users\Brazza\Documents\UFOP\TCC\Algoritmos\Tools\datasets\raw_bin\quad2\empty\empty_20260614_102227.bin,2,True
C:\Users\Brazza\Documents\UFOP\TCC\Algoritmos\Tools\datasets\raw_bin\quad2\empty\empty_20260614_102316.bin,empty,quad2,empty_20260614_102316.bin,C:\Users\Brazza\Documents\UFOP\TCC\Algoritmos\Tools\datasets\raw_bin\quad2\empty\empty_20260614_102316.bin,2,True
C:\Users\Brazza\Documents\UFOP\TCC\Algoritmos\Tools\datasets\raw_bin\quad2\empty\empty_20260614_102355.bin,empty,quad2,empty_20260614_102355.bin,C:\Users\Brazza\Documents\UFOP\TCC\Algoritmos\Tools\datasets\raw_bin\quad2\empty\empty_20260614_102355.bin,2,True
C:\Users\Brazza\Documents\UFOP\TCC\Algoritmos\Tools\datasets\raw_bin\quad2\empty\empty_20260614_102513.bin,empty,quad2,empty_20260614_102513.bin,C:\Users\Brazza\Documents\UFOP\TCC\Algoritmos\Tools\datasets\raw_bin\quad2\empty\empty_20260614_102513.bin,2,True
C:\Users\Brazza\Documents\UFOP\TCC\Algoritmos\Tools\datasets\raw_bin\quad2\empty\empty_20260614_102523.bin,empty,quad2,empty_20260614_102523.bin,C:\Users\Brazza\Documents\UFOP\TCC\Algoritmos\Tools\datasets\raw_bin\quad2\empty\empty_20260614_102523.bin,2,True
C:\Users\Brazza\Documents\UFOP\TCC\Algoritmos\Tools\datasets\raw_bin\quad2\empty\empty_20260614_102603.bin,empty,quad2,empty_20260614_102603.bin,C:\Users\Brazza\Documents\UFOP\TCC\Algoritmos\Tools\datasets\raw_bin\quad2\empty\empty_20260614_102603.bin,2,True
C:\Users\Brazza\Documents\UFOP\TCC\Algoritmos\Tools\datasets\raw_bin\quad2\empty\empty_20260614_102704.bin,empty,quad2,empty_20260614_102704.bin,C:\Users\Brazza\Documents\UFOP\TCC\Algoritmos\Tools\datasets\raw_bin\quad2\empty\empty_20260614_102704.bin,2,True
C:\Users\Brazza\Documents\UFOP\TCC\Algoritmos\Tools\datasets\raw_bin\quad2\empty\empty_20260614_102715.bin,empty,quad2,empty_20260614_102715.bin,C:\Users\Brazza\Documents\UFOP\TCC\Algoritmos\Tools\datasets\raw_bin\quad2\empty\empty_20260614_102715.bin,2,True
C:\Users\Brazza\Documents\UFOP\TCC\Algoritmos\Tools\datasets\raw_bin\quad2\empty\empty_20260614_102742.bin,empty,quad2,empty_20260614_102742.bin,C:\Users\Brazza\Documents\UFOP\TCC\Algoritmos\Tools\datasets\raw_bin\quad2\empty\empty_20260614_102742.bin,2,True
C:\Users\Brazza\Documents\UFOP\TCC\Algoritmos\Tools\datasets\raw_bin\quad2\empty\empty_20260614_102845.bin,empty,quad2,empty_20260614_102845.bin,C:\Users\Brazza\Documents\UFOP\TCC\Algoritmos\Tools\datasets\raw_bin\quad2\empty\empty_20260614_102845.bin,2,True
C:\Users\Brazza\Documents\UFOP\TCC\Algoritmos\Tools\datasets\raw_bin\quad2\empty\empty_20260614_102912.bin,empty,quad2,empty_20260614_102912.bin,C:\Users\Brazza\Documents\UFOP\TCC\Algoritmos\Tools\datasets\raw_bin\quad2\empty\empty_20260614_102912.bin,2,True
C:\Users\Brazza\Documents\UFOP\TCC\Algoritmos\Tools\datasets\raw_bin\quad2\empty\empty_20260614_102925.bin,empty,quad2,empty_20260614_102925.bin,C:\Users\Brazza\Documents\UFOP\TCC\Algoritmos\Tools\datasets\raw_bin\quad2\empty\empty_20260614_102925.bin,2,True
C:\Users\Brazza\Documents\UFOP\TCC\Algoritmos\Tools\datasets\raw_bin\quad2\empty\empty_20260614_103105.bin,empty,quad2,empty_20260614_103105.bin,C:\Users\Brazza\Documents\UFOP\TCC\Algoritmos\Tools\datasets\raw_bin\quad2\empty\empty_20260614_103105.bin,2,True
C:\Users\Brazza\Documents\UFOP\TCC\Algoritmos\Tools\datasets\raw_bin\quad2\empty\empty_20260614_103115.bin,empty,quad2,empty_20260614_103115.bin,C:\Users\Brazza\Documents\UFOP\TCC\Algoritmos\Tools\datasets\raw_bin\quad2\empty\empty_20260614_103115.bin,2,True
C:\Users\Brazza\Documents\UFOP\TCC\Algoritmos\Tools\datasets\raw_bin\quad3\empty\empty_20260614_130214.bin,empty,quad3,empty_20260614_130214.bin,C:\Users\Brazza\Documents\UFOP\TCC\Algoritmos\Tools\datasets\raw_bin\quad3\empty\empty_20260614_130214.bin,1,True
C:\Users\Brazza\Documents\UFOP\TCC\Algoritmos\Tools\datasets\raw_bin\quad3\empty\empty_20260614_130114.bin,empty,quad3,empty_20260614_130114.bin,C:\Users\Brazza\Documents\UFOP\TCC\Algoritmos\Tools\datasets\raw_bin\quad3\empty\empty_20260614_130114.bin,2,True
C:\Users\Brazza\Documents\UFOP\TCC\Algoritmos\Tools\datasets\raw_bin\quad3\empty\empty_20260614_130141.bin,empty,quad3,empty_20260614_130141.bin,C:\Users\Brazza\Documents\UFOP\TCC\Algoritmos\Tools\datasets\raw_bin\quad3\empty\empty_20260614_130141.bin,2,True
C:\Users\Brazza\Documents\UFOP\TCC\Algoritmos\Tools\datasets\raw_bin\quad3\empty\empty_20260614_130230.bin,empty,quad3,empty_20260614_130230.bin,C:\Users\Brazza\Documents\UFOP\TCC\Algoritmos\Tools\datasets\raw_bin\quad3\empty\empty_20260614_130230.bin,2,True
C:\Users\Brazza\Documents\UFOP\TCC\Algoritmos\Tools\datasets\raw_bin\quad3\empty\empty_20260614_130254.bin,empty,quad3,empty_20260614_130254.bin,C:\Users\Brazza\Documents\UFOP\TCC\Algoritmos\Tools\datasets\raw_bin\quad3\empty\empty_20260614_130254.bin,2,True
C:\Users\Brazza\Documents\UFOP\TCC\Algoritmos\Tools\datasets\raw_bin\quad3\empty\empty_20260614_130305.bin,empty,quad3,empty_20260614_130305.bin,C:\Users\Brazza\Documents\UFOP\TCC\Algoritmos\Tools\datasets\raw_bin\quad3\empty\empty_20260614_130305.bin,2,True
C:\Users\Brazza\Documents\UFOP\TCC\Algoritmos\Tools\datasets\raw_bin\quad3\empty\empty_20260614_130331.bin,empty,quad3,empty_20260614_130331.bin,C:\Users\Brazza\Documents\UFOP\TCC\Algoritmos\Tools\datasets\raw_bin\quad3\empty\empty_20260614_130331.bin,2,True
C:\Users\Brazza\Documents\UFOP\TCC\Algoritmos\Tools\datasets\raw_bin\quad3\empty\empty_20260614_130354.bin,empty,quad3,empty_20260614_130354.bin,C:\Users\Brazza\Documents\UFOP\TCC\Algoritmos\Tools\datasets\raw_bin\quad3\empty\empty_20260614_130354.bin,2,True
C:\Users\Brazza\Documents\UFOP\TCC\Algoritmos\Tools\datasets\raw_bin\quad3\empty\empty_20260614_130450.bin,empty,quad3,empty_20260614_130450.bin,C:\Users\Brazza\Documents\UFOP\TCC\Algoritmos\Tools\datasets\raw_bin\quad3\empty\empty_20260614_130450.bin,2,True
C:\Users\Brazza\Documents\UFOP\TCC\Algoritmos\Tools\datasets\raw_bin\quad3\empty\empty_20260614_130503.bin,empty,quad3,empty_20260614_130503.bin,C:\Users\Brazza\Documents\UFOP\TCC\Algoritmos\Tools\datasets\raw_bin\quad3\empty\empty_20260614_130503.bin,2,True
C:\Users\Brazza\Documents\UFOP\TCC\Algoritmos\Tools\datasets\raw_bin\quad3\empty\empty_20260614_130529.bin,empty,quad3,empty_20260614_130529.bin,C:\Users\Brazza\Documents\UFOP\TCC\Algoritmos\Tools\datasets\raw_bin\quad3\empty\empty_20260614_130529.bin,2,True
C:\Users\Brazza\Documents\UFOP\TCC\Algoritmos\Tools\datasets\raw_bin\quad5\empty\empty_20260614_130731.bin,empty,quad5,empty_20260614_130731.bin,C:\Users\Brazza\Documents\UFOP\TCC\Algoritmos\Tools\datasets\raw_bin\quad5\empty\empty_20260614_130731.bin,18,False
C:\Users\Brazza\Documents\UFOP\TCC\Algoritmos\Tools\datasets\raw_bin\quad5\empty\empty_20260614_130832.bin,empty,quad5,empty_20260614_130832.bin,C:\Users\Brazza\Documents\UFOP\TCC\Algoritmos\Tools\datasets\raw_bin\quad5\empty\empty_20260614_130832.bin,24,False
C:\Users\Brazza\Documents\UFOP\TCC\Algoritmos\Tools\datasets\raw_bin\quad1\movement\movement_20260614_094029.bin,movement,quad1,movement_20260614_094029.bin,C:\Users\Brazza\Documents\UFOP\TCC\Algoritmos\Tools\datasets\raw_bin\quad1\movement\movement_20260614_094029.bin,1,True
C:\Users\Brazza\Documents\UFOP\TCC\Algoritmos\Tools\datasets\raw_bin\quad1\movement\movement_20260614_094523.bin,movement,quad1,movement_20260614_094523.bin,C:\Users\Brazza\Documents\UFOP\TCC\Algoritmos\Tools\datasets\raw_bin\quad1\movement\movement_20260614_094523.bin,1,True
C:\Users\Brazza\Documents\UFOP\TCC\Algoritmos\Tools\datasets\raw_bin\quad1\movement\movement_20260614_094004.bin,movement,quad1,movement_20260614_094004.bin,C:\Users\Brazza\Documents\UFOP\TCC\Algoritmos\Tools\datasets\raw_bin\quad1\movement\movement_20260614_094004.bin,2,True
C:\Users\Brazza\Documents\UFOP\TCC\Algoritmos\Tools\datasets\raw_bin\quad1\movement\movement_20260614_094017.bin,movement,quad1,movement_20260614_094017.bin,C:\Users\Brazza\Documents\UFOP\TCC\Algoritmos\Tools\datasets\raw_bin\quad1\movement\movement_20260614_094017.bin,2,True
C:\Users\Brazza\Documents\UFOP\TCC\Algoritmos\Tools\datasets\raw_bin\quad1\movement\movement_20260614_094327.bin,movement,quad1,movement_20260614_094327.bin,C:\Users\Brazza\Documents\UFOP\TCC\Algoritmos\Tools\datasets\raw_bin\quad1\movement\movement_20260614_094327.bin,2,True
C:\Users\Brazza\Documents\UFOP\TCC\Algoritmos\Tools\datasets\raw_bin\quad1\movement\movement_20260614_094508.bin,movement,quad1,movement_20260614_094508.bin,C:\Users\Brazza\Documents\UFOP\TCC\Algoritmos\Tools\datasets\raw_bin\quad1\movement\movement_20260614_094508.bin,2,True
C:\Users\Brazza\Documents\UFOP\TCC\Algoritmos\Tools\datasets\raw_bin\quad1\movement\movement_20260614_095243.bin,movement,quad1,movement_20260614_095243.bin,C:\Users\Brazza\Documents\UFOP\TCC\Algoritmos\Tools\datasets\raw_bin\quad1\movement\movement_20260614_095243.bin,2,True
C:\Users\Brazza\Documents\UFOP\TCC\Algoritmos\Tools\datasets\raw_bin\quad1\movement\movement_20260614_095256.bin,movement,quad1,movement_20260614_095256.bin,C:\Users\Brazza\Documents\UFOP\TCC\Algoritmos\Tools\datasets\raw_bin\quad1\movement\movement_20260614_095256.bin,2,True
C:\Users\Brazza\Documents\UFOP\TCC\Algoritmos\Tools\datasets\raw_bin\quad1\movement\movement_20260614_095309.bin,movement,quad1,movement_20260614_095309.bin,C:\Users\Brazza\Documents\UFOP\TCC\Algoritmos\Tools\datasets\raw_bin\quad1\movement\movement_20260614_095309.bin,2,True
C:\Users\Brazza\Documents\UFOP\TCC\Algoritmos\Tools\datasets\raw_bin\quad1\movement\movement_20260614_095605.bin,movement,quad1,movement_20260614_095605.bin,C:\Users\Brazza\Documents\UFOP\TCC\Algoritmos\Tools\datasets\raw_bin\quad1\movement\movement_20260614_095605.bin,2,True
C:\Users\Brazza\Documents\UFOP\TCC\Algoritmos\Tools\datasets\raw_bin\quad1\movement\movement_20260614_095617.bin,movement,quad1,movement_20260614_095617.bin,C:\Users\Brazza\Documents\UFOP\TCC\Algoritmos\Tools\datasets\raw_bin\quad1\movement\movement_20260614_095617.bin,2,True
C:\Users\Brazza\Documents\UFOP\TCC\Algoritmos\Tools\datasets\raw_bin\quad1\movement\movement_20260614_095631.bin,movement,quad1,movement_20260614_095631.bin,C:\Users\Brazza\Documents\UFOP\TCC\Algoritmos\Tools\datasets\raw_bin\quad1\movement\movement_20260614_095631.bin,2,True
C:\Users\Brazza\Documents\UFOP\TCC\Algoritmos\Tools\datasets\raw_bin\quad1\movement\movement_20260614_095643.bin,movement,quad1,movement_20260614_095643.bin,C:\Users\Brazza\Documents\UFOP\TCC\Algoritmos\Tools\datasets\raw_bin\quad1\movement\movement_20260614_095643.bin,2,True
C:\Users\Brazza\Documents\UFOP\TCC\Algoritmos\Tools\datasets\raw_bin\quad1\movement\movement_20260614_095954.bin,movement,quad1,movement_20260614_095954.bin,C:\Users\Brazza\Documents\UFOP\TCC\Algoritmos\Tools\datasets\raw_bin\quad1\movement\movement_20260614_095954.bin,2,True
C:\Users\Brazza\Documents\UFOP\TCC\Algoritmos\Tools\datasets\raw_bin\quad1\movement\movement_20260614_100007.bin,movement,quad1,movement_20260614_100007.bin,C:\Users\Brazza\Documents\UFOP\TCC\Algoritmos\Tools\datasets\raw_bin\quad1\movement\movement_20260614_100007.bin,2,True
C:\Users\Brazza\Documents\UFOP\TCC\Algoritmos\Tools\datasets\raw_bin\quad2\movement\movement_20260614_101835.bin,movement,quad2,movement_20260614_101835.bin,C:\Users\Brazza\Documents\UFOP\TCC\Algoritmos\Tools\datasets\raw_bin\quad2\movement\movement_20260614_101835.bin,1,True
C:\Users\Brazza\Documents\UFOP\TCC\Algoritmos\Tools\datasets\raw_bin\quad2\movement\movement_20260614_100830.bin,movement,quad2,movement_20260614_100830.bin,C:\Users\Brazza\Documents\UFOP\TCC\Algoritmos\Tools\datasets\raw_bin\quad2\movement\movement_20260614_100830.bin,2,True
C:\Users\Brazza\Documents\UFOP\TCC\Algoritmos\Tools\datasets\raw_bin\quad2\movement\movement_20260614_100844.bin,movement,quad2,movement_20260614_100844.bin,C:\Users\Brazza\Documents\UFOP\TCC\Algoritmos\Tools\datasets\raw_bin\quad2\movement\movement_20260614_100844.bin,2,True
C:\Users\Brazza\Documents\UFOP\TCC\Algoritmos\Tools\datasets\raw_bin\quad2\movement\movement_20260614_100920.bin,movement,quad2,movement_20260614_100920.bin,C:\Users\Brazza\Documents\UFOP\TCC\Algoritmos\Tools\datasets\raw_bin\quad2\movement\movement_20260614_100920.bin,2,True
C:\Users\Brazza\Documents\UFOP\TCC\Algoritmos\Tools\datasets\raw_bin\quad2\movement\movement_20260614_100936.bin,movement,quad2,movement_20260614_100936.bin,C:\Users\Brazza\Documents\UFOP\TCC\Algoritmos\Tools\datasets\raw_bin\quad2\movement\movement_20260614_100936.bin,2,True
C:\Users\Brazza\Documents\UFOP\TCC\Algoritmos\Tools\datasets\raw_bin\quad2\movement\movement_20260614_100949.bin,movement,quad2,movement_20260614_100949.bin,C:\Users\Brazza\Documents\UFOP\TCC\Algoritmos\Tools\datasets\raw_bin\quad2\movement\movement_20260614_100949.bin,2,True
C:\Users\Brazza\Documents\UFOP\TCC\Algoritmos\Tools\datasets\raw_bin\quad2\movement\movement_20260614_101218.bin,movement,quad2,movement_20260614_101218.bin,C:\Users\Brazza\Documents\UFOP\TCC\Algoritmos\Tools\datasets\raw_bin\quad2\movement\movement_20260614_101218.bin,2,True
C:\Users\Brazza\Documents\UFOP\TCC\Algoritmos\Tools\datasets\raw_bin\quad2\movement\movement_20260614_101252.bin,movement,quad2,movement_20260614_101252.bin,C:\Users\Brazza\Documents\UFOP\TCC\Algoritmos\Tools\datasets\raw_bin\quad2\movement\movement_20260614_101252.bin,2,True
C:\Users\Brazza\Documents\UFOP\TCC\Algoritmos\Tools\datasets\raw_bin\quad2\movement\movement_20260614_101304.bin,movement,quad2,movement_20260614_101304.bin,C:\Users\Brazza\Documents\UFOP\TCC\Algoritmos\Tools\datasets\raw_bin\quad2\movement\movement_20260614_101304.bin,2,True
C:\Users\Brazza\Documents\UFOP\TCC\Algoritmos\Tools\datasets\raw_bin\quad2\movement\movement_20260614_101343.bin,movement,quad2,movement_20260614_101343.bin,C:\Users\Brazza\Documents\UFOP\TCC\Algoritmos\Tools\datasets\raw_bin\quad2\movement\movement_20260614_101343.bin,2,True
C:\Users\Brazza\Documents\UFOP\TCC\Algoritmos\Tools\datasets\raw_bin\quad2\movement\movement_20260614_101653.bin,movement,quad2,movement_20260614_101653.bin,C:\Users\Brazza\Documents\UFOP\TCC\Algoritmos\Tools\datasets\raw_bin\quad2\movement\movement_20260614_101653.bin,2,True
C:\Users\Brazza\Documents\UFOP\TCC\Algoritmos\Tools\datasets\raw_bin\quad2\movement\movement_20260614_101706.bin,movement,quad2,movement_20260614_101706.bin,C:\Users\Brazza\Documents\UFOP\TCC\Algoritmos\Tools\datasets\raw_bin\quad2\movement\movement_20260614_101706.bin,2,True
C:\Users\Brazza\Documents\UFOP\TCC\Algoritmos\Tools\datasets\raw_bin\quad2\movement\movement_20260614_101730.bin,movement,quad2,movement_20260614_101730.bin,C:\Users\Brazza\Documents\UFOP\TCC\Algoritmos\Tools\datasets\raw_bin\quad2\movement\movement_20260614_101730.bin,2,True
C:\Users\Brazza\Documents\UFOP\TCC\Algoritmos\Tools\datasets\raw_bin\quad2\movement\movement_20260614_101743.bin,movement,quad2,movement_20260614_101743.bin,C:\Users\Brazza\Documents\UFOP\TCC\Algoritmos\Tools\datasets\raw_bin\quad2\movement\movement_20260614_101743.bin,2,True
C:\Users\Brazza\Documents\UFOP\TCC\Algoritmos\Tools\datasets\raw_bin\quad2\movement\movement_20260614_101821.bin,movement,quad2,movement_20260614_101821.bin,C:\Users\Brazza\Documents\UFOP\TCC\Algoritmos\Tools\datasets\raw_bin\quad2\movement\movement_20260614_101821.bin,2,True
C:\Users\Brazza\Documents\UFOP\TCC\Algoritmos\Tools\datasets\raw_bin\quad3\movement\movement_20260614_125419.bin,movement,quad3,movement_20260614_125419.bin,C:\Users\Brazza\Documents\UFOP\TCC\Algoritmos\Tools\datasets\raw_bin\quad3\movement\movement_20260614_125419.bin,1,True
C:\Users\Brazza\Documents\UFOP\TCC\Algoritmos\Tools\datasets\raw_bin\quad3\movement\movement_20260614_125725.bin,movement,quad3,movement_20260614_125725.bin,C:\Users\Brazza\Documents\UFOP\TCC\Algoritmos\Tools\datasets\raw_bin\quad3\movement\movement_20260614_125725.bin,1,True
C:\Users\Brazza\Documents\UFOP\TCC\Algoritmos\Tools\datasets\raw_bin\quad3\movement\movement_20260614_125737.bin,movement,quad3,movement_20260614_125737.bin,C:\Users\Brazza\Documents\UFOP\TCC\Algoritmos\Tools\datasets\raw_bin\quad3\movement\movement_20260614_125737.bin,1,True
C:\Users\Brazza\Documents\UFOP\TCC\Algoritmos\Tools\datasets\raw_bin\quad3\movement\movement_20260614_125840.bin,movement,quad3,movement_20260614_125840.bin,C:\Users\Brazza\Documents\UFOP\TCC\Algoritmos\Tools\datasets\raw_bin\quad3\movement\movement_20260614_125840.bin,1,True
C:\Users\Brazza\Documents\UFOP\TCC\Algoritmos\Tools\datasets\raw_bin\quad3\movement\movement_20260614_125302.bin,movement,quad3,movement_20260614_125302.bin,C:\Users\Brazza\Documents\UFOP\TCC\Algoritmos\Tools\datasets\raw_bin\quad3\movement\movement_20260614_125302.bin,2,True
C:\Users\Brazza\Documents\UFOP\TCC\Algoritmos\Tools\datasets\raw_bin\quad3\movement\movement_20260614_125315.bin,movement,quad3,movement_20260614_125315.bin,C:\Users\Brazza\Documents\UFOP\TCC\Algoritmos\Tools\datasets\raw_bin\quad3\movement\movement_20260614_125315.bin,2,True
C:\Users\Brazza\Documents\UFOP\TCC\Algoritmos\Tools\datasets\raw_bin\quad3\movement\movement_20260614_125326.bin,movement,quad3,movement_20260614_125326.bin,C:\Users\Brazza\Documents\UFOP\TCC\Algoritmos\Tools\datasets\raw_bin\quad3\movement\movement_20260614_125326.bin,2,True
C:\Users\Brazza\Documents\UFOP\TCC\Algoritmos\Tools\datasets\raw_bin\quad3\movement\movement_20260614_125338.bin,movement,quad3,movement_20260614_125338.bin,C:\Users\Brazza\Documents\UFOP\TCC\Algoritmos\Tools\datasets\raw_bin\quad3\movement\movement_20260614_125338.bin,2,True
C:\Users\Brazza\Documents\UFOP\TCC\Algoritmos\Tools\datasets\raw_bin\quad3\movement\movement_20260614_125432.bin,movement,quad3,movement_20260614_125432.bin,C:\Users\Brazza\Documents\UFOP\TCC\Algoritmos\Tools\datasets\raw_bin\quad3\movement\movement_20260614_125432.bin,2,True
C:\Users\Brazza\Documents\UFOP\TCC\Algoritmos\Tools\datasets\raw_bin\quad3\movement\movement_20260614_125443.bin,movement,quad3,movement_20260614_125443.bin,C:\Users\Brazza\Documents\UFOP\TCC\Algoritmos\Tools\datasets\raw_bin\quad3\movement\movement_20260614_125443.bin,2,True
C:\Users\Brazza\Documents\UFOP\TCC\Algoritmos\Tools\datasets\raw_bin\quad3\movement\movement_20260614_125456.bin,movement,quad3,movement_20260614_125456.bin,C:\Users\Brazza\Documents\UFOP\TCC\Algoritmos\Tools\datasets\raw_bin\quad3\movement\movement_20260614_125456.bin,2,True
C:\Users\Brazza\Documents\UFOP\TCC\Algoritmos\Tools\datasets\raw_bin\quad3\movement\movement_20260614_125712.bin,movement,quad3,movement_20260614_125712.bin,C:\Users\Brazza\Documents\UFOP\TCC\Algoritmos\Tools\datasets\raw_bin\quad3\movement\movement_20260614_125712.bin,2,True
C:\Users\Brazza\Documents\UFOP\TCC\Algoritmos\Tools\datasets\raw_bin\quad3\movement\movement_20260614_125828.bin,movement,quad3,movement_20260614_125828.bin,C:\Users\Brazza\Documents\UFOP\TCC\Algoritmos\Tools\datasets\raw_bin\quad3\movement\movement_20260614_125828.bin,2,True
C:\Users\Brazza\Documents\UFOP\TCC\Algoritmos\Tools\datasets\raw_bin\quad3\movement\movement_20260614_125921.bin,movement,quad3,movement_20260614_125921.bin,C:\Users\Brazza\Documents\UFOP\TCC\Algoritmos\Tools\datasets\raw_bin\quad3\movement\movement_20260614_125921.bin,2,True
C:\Users\Brazza\Documents\UFOP\TCC\Algoritmos\Tools\datasets\raw_bin\quad3\movement\movement_20260614_125815.bin,movement,quad3,movement_20260614_125815.bin,C:\Users\Brazza\Documents\UFOP\TCC\Algoritmos\Tools\datasets\raw_bin\quad3\movement\movement_20260614_125815.bin,3,False
C:\Users\Brazza\Documents\UFOP\TCC\Algoritmos\Tools\datasets\raw_bin\quad4\movement\movement_20260614_124027.bin,movement,quad4,movement_20260614_124027.bin,C:\Users\Brazza\Documents\UFOP\TCC\Algoritmos\Tools\datasets\raw_bin\quad4\movement\movement_20260614_124027.bin,1,True
C:\Users\Brazza\Documents\UFOP\TCC\Algoritmos\Tools\datasets\raw_bin\quad4\movement\movement_20260614_124148.bin,movement,quad4,movement_20260614_124148.bin,C:\Users\Brazza\Documents\UFOP\TCC\Algoritmos\Tools\datasets\raw_bin\quad4\movement\movement_20260614_124148.bin,1,True
C:\Users\Brazza\Documents\UFOP\TCC\Algoritmos\Tools\datasets\raw_bin\quad4\movement\movement_20260614_124004.bin,movement,quad4,movement_20260614_124004.bin,C:\Users\Brazza\Documents\UFOP\TCC\Algoritmos\Tools\datasets\raw_bin\quad4\movement\movement_20260614_124004.bin,2,True
C:\Users\Brazza\Documents\UFOP\TCC\Algoritmos\Tools\datasets\raw_bin\quad4\movement\movement_20260614_124040.bin,movement,quad4,movement_20260614_124040.bin,C:\Users\Brazza\Documents\UFOP\TCC\Algoritmos\Tools\datasets\raw_bin\quad4\movement\movement_20260614_124040.bin,2,True
C:\Users\Brazza\Documents\UFOP\TCC\Algoritmos\Tools\datasets\raw_bin\quad4\movement\movement_20260614_124053.bin,movement,quad4,movement_20260614_124053.bin,C:\Users\Brazza\Documents\UFOP\TCC\Algoritmos\Tools\datasets\raw_bin\quad4\movement\movement_20260614_124053.bin,2,True
C:\Users\Brazza\Documents\UFOP\TCC\Algoritmos\Tools\datasets\raw_bin\quad4\movement\movement_20260614_124105.bin,movement,quad4,movement_20260614_124105.bin,C:\Users\Brazza\Documents\UFOP\TCC\Algoritmos\Tools\datasets\raw_bin\quad4\movement\movement_20260614_124105.bin,2,True
C:\Users\Brazza\Documents\UFOP\TCC\Algoritmos\Tools\datasets\raw_bin\quad4\movement\movement_20260614_124118.bin,movement,quad4,movement_20260614_124118.bin,C:\Users\Brazza\Documents\UFOP\TCC\Algoritmos\Tools\datasets\raw_bin\quad4\movement\movement_20260614_124118.bin,2,True
C:\Users\Brazza\Documents\UFOP\TCC\Algoritmos\Tools\datasets\raw_bin\quad4\movement\movement_20260614_124159.bin,movement,quad4,movement_20260614_124159.bin,C:\Users\Brazza\Documents\UFOP\TCC\Algoritmos\Tools\datasets\raw_bin\quad4\movement\movement_20260614_124159.bin,2,True
C:\Users\Brazza\Documents\UFOP\TCC\Algoritmos\Tools\datasets\raw_bin\quad4\movement\movement_20260614_124235.bin,movement,quad4,movement_20260614_124235.bin,C:\Users\Brazza\Documents\UFOP\TCC\Algoritmos\Tools\datasets\raw_bin\quad4\movement\movement_20260614_124235.bin,2,True
C:\Users\Brazza\Documents\UFOP\TCC\Algoritmos\Tools\datasets\raw_bin\quad4\movement\movement_20260614_124248.bin,movement,quad4,movement_20260614_124248.bin,C:\Users\Brazza\Documents\UFOP\TCC\Algoritmos\Tools\datasets\raw_bin\quad4\movement\movement_20260614_124248.bin,2,True
C:\Users\Brazza\Documents\UFOP\TCC\Algoritmos\Tools\datasets\raw_bin\quad4\movement\movement_20260614_124300.bin,movement,quad4,movement_20260614_124300.bin,C:\Users\Brazza\Documents\UFOP\TCC\Algoritmos\Tools\datasets\raw_bin\quad4\movement\movement_20260614_124300.bin,2,True
C:\Users\Brazza\Documents\UFOP\TCC\Algoritmos\Tools\datasets\raw_bin\quad4\movement\movement_20260614_124647.bin,movement,quad4,movement_20260614_124647.bin,C:\Users\Brazza\Documents\UFOP\TCC\Algoritmos\Tools\datasets\raw_bin\quad4\movement\movement_20260614_124647.bin,2,True
C:\Users\Brazza\Documents\UFOP\TCC\Algoritmos\Tools\datasets\raw_bin\quad4\movement\movement_20260614_124713.bin,movement,quad4,movement_20260614_124713.bin,C:\Users\Brazza\Documents\UFOP\TCC\Algoritmos\Tools\datasets\raw_bin\quad4\movement\movement_20260614_124713.bin,2,True
C:\Users\Brazza\Documents\UFOP\TCC\Algoritmos\Tools\datasets\raw_bin\quad4\movement\movement_20260614_124727.bin,movement,quad4,movement_20260614_124727.bin,C:\Users\Brazza\Documents\UFOP\TCC\Algoritmos\Tools\datasets\raw_bin\quad4\movement\movement_20260614_124727.bin,2,True
C:\Users\Brazza\Documents\UFOP\TCC\Algoritmos\Tools\datasets\raw_bin\quad4\movement\movement_20260614_124739.bin,movement,quad4,movement_20260614_124739.bin,C:\Users\Brazza\Documents\UFOP\TCC\Algoritmos\Tools\datasets\raw_bin\quad4\movement\movement_20260614_124739.bin,2,True
C:\Users\Brazza\Documents\UFOP\TCC\Algoritmos\Tools\datasets\raw_bin\quad4\movement\movement_20260614_124816.bin,movement,quad4,movement_20260614_124816.bin,C:\Users\Brazza\Documents\UFOP\TCC\Algoritmos\Tools\datasets\raw_bin\quad4\movement\movement_20260614_124816.bin,2,True
C:\Users\Brazza\Documents\UFOP\TCC\Algoritmos\Tools\datasets\raw_bin\quad4\movement\movement_20260614_124828.bin,movement,quad4,movement_20260614_124828.bin,C:\Users\Brazza\Documents\UFOP\TCC\Algoritmos\Tools\datasets\raw_bin\quad4\movement\movement_20260614_124828.bin,2,True
C:\Users\Brazza\Documents\UFOP\TCC\Algoritmos\Tools\datasets\raw_bin\quad4\movement\movement_20260614_124854.bin,movement,quad4,movement_20260614_124854.bin,C:\Users\Brazza\Documents\UFOP\TCC\Algoritmos\Tools\datasets\raw_bin\quad4\movement\movement_20260614_124854.bin,2,True
C:\Users\Brazza\Documents\UFOP\TCC\Algoritmos\Tools\datasets\raw_bin\quad4\movement\movement_20260614_124659.bin,movement,quad4,movement_20260614_124659.bin,C:\Users\Brazza\Documents\UFOP\TCC\Algoritmos\Tools\datasets\raw_bin\quad4\movement\movement_20260614_124659.bin,3,False
C:\Users\Brazza\Documents\UFOP\TCC\Algoritmos\Tools\datasets\raw_bin\quad4\movement\movement_20260614_124905.bin,movement,quad4,movement_20260614_124905.bin,C:\Users\Brazza\Documents\UFOP\TCC\Algoritmos\Tools\datasets\raw_bin\quad4\movement\movement_20260614_124905.bin,3,False
C:\Users\Brazza\Documents\UFOP\TCC\Algoritmos\Tools\datasets\raw_bin\quad5\movement\movement_20260614_123018.bin,movement,quad5,movement_20260614_123018.bin,C:\Users\Brazza\Documents\UFOP\TCC\Algoritmos\Tools\datasets\raw_bin\quad5\movement\movement_20260614_123018.bin,1,True
C:\Users\Brazza\Documents\UFOP\TCC\Algoritmos\Tools\datasets\raw_bin\quad5\movement\movement_20260614_123048.bin,movement,quad5,movement_20260614_123048.bin,C:\Users\Brazza\Documents\UFOP\TCC\Algoritmos\Tools\datasets\raw_bin\quad5\movement\movement_20260614_123048.bin,1,True
C:\Users\Brazza\Documents\UFOP\TCC\Algoritmos\Tools\datasets\raw_bin\quad5\movement\movement_20260614_123130.bin,movement,quad5,movement_20260614_123130.bin,C:\Users\Brazza\Documents\UFOP\TCC\Algoritmos\Tools\datasets\raw_bin\quad5\movement\movement_20260614_123130.bin,1,True
C:\Users\Brazza\Documents\UFOP\TCC\Algoritmos\Tools\datasets\raw_bin\quad5\movement\movement_20260614_123628.bin,movement,quad5,movement_20260614_123628.bin,C:\Users\Brazza\Documents\UFOP\TCC\Algoritmos\Tools\datasets\raw_bin\quad5\movement\movement_20260614_123628.bin,1,True
C:\Users\Brazza\Documents\UFOP\TCC\Algoritmos\Tools\datasets\raw_bin\quad5\movement\movement_20260614_123643.bin,movement,quad5,movement_20260614_123643.bin,C:\Users\Brazza\Documents\UFOP\TCC\Algoritmos\Tools\datasets\raw_bin\quad5\movement\movement_20260614_123643.bin,1,True
C:\Users\Brazza\Documents\UFOP\TCC\Algoritmos\Tools\datasets\raw_bin\quad5\movement\movement_20260614_122950.bin,movement,quad5,movement_20260614_122950.bin,C:\Users\Brazza\Documents\UFOP\TCC\Algoritmos\Tools\datasets\raw_bin\quad5\movement\movement_20260614_122950.bin,2,True
C:\Users\Brazza\Documents\UFOP\TCC\Algoritmos\Tools\datasets\raw_bin\quad5\movement\movement_20260614_123030.bin,movement,quad5,movement_20260614_123030.bin,C:\Users\Brazza\Documents\UFOP\TCC\Algoritmos\Tools\datasets\raw_bin\quad5\movement\movement_20260614_123030.bin,2,True
C:\Users\Brazza\Documents\UFOP\TCC\Algoritmos\Tools\datasets\raw_bin\quad5\movement\movement_20260614_123117.bin,movement,quad5,movement_20260614_123117.bin,C:\Users\Brazza\Documents\UFOP\TCC\Algoritmos\Tools\datasets\raw_bin\quad5\movement\movement_20260614_123117.bin,2,True
C:\Users\Brazza\Documents\UFOP\TCC\Algoritmos\Tools\datasets\raw_bin\quad5\movement\movement_20260614_123449.bin,movement,quad5,movement_20260614_123449.bin,C:\Users\Brazza\Documents\UFOP\TCC\Algoritmos\Tools\datasets\raw_bin\quad5\movement\movement_20260614_123449.bin,2,True
C:\Users\Brazza\Documents\UFOP\TCC\Algoritmos\Tools\datasets\raw_bin\quad5\movement\movement_20260614_123501.bin,movement,quad5,movement_20260614_123501.bin,C:\Users\Brazza\Documents\UFOP\TCC\Algoritmos\Tools\datasets\raw_bin\quad5\movement\movement_20260614_123501.bin,2,True
C:\Users\Brazza\Documents\UFOP\TCC\Algoritmos\Tools\datasets\raw_bin\quad5\movement\movement_20260614_123513.bin,movement,quad5,movement_20260614_123513.bin,C:\Users\Brazza\Documents\UFOP\TCC\Algoritmos\Tools\datasets\raw_bin\quad5\movement\movement_20260614_123513.bin,2,True
C:\Users\Brazza\Documents\UFOP\TCC\Algoritmos\Tools\datasets\raw_bin\quad5\movement\movement_20260614_123542.bin,movement,quad5,movement_20260614_123542.bin,C:\Users\Brazza\Documents\UFOP\TCC\Algoritmos\Tools\datasets\raw_bin\quad5\movement\movement_20260614_123542.bin,2,True
C:\Users\Brazza\Documents\UFOP\TCC\Algoritmos\Tools\datasets\raw_bin\quad5\movement\movement_20260614_123604.bin,movement,quad5,movement_20260614_123604.bin,C:\Users\Brazza\Documents\UFOP\TCC\Algoritmos\Tools\datasets\raw_bin\quad5\movement\movement_20260614_123604.bin,2,True
C:\Users\Brazza\Documents\UFOP\TCC\Algoritmos\Tools\datasets\raw_bin\quad5\movement\movement_20260614_123616.bin,movement,quad5,movement_20260614_123616.bin,C:\Users\Brazza\Documents\UFOP\TCC\Algoritmos\Tools\datasets\raw_bin\quad5\movement\movement_20260614_123616.bin,2,True
C:\Users\Brazza\Documents\UFOP\TCC\Algoritmos\Tools\datasets\raw_bin\quad5\movement\movement_20260614_123552.bin,movement,quad5,movement_20260614_123552.bin,C:\Users\Brazza\Documents\UFOP\TCC\Algoritmos\Tools\datasets\raw_bin\quad5\movement\movement_20260614_123552.bin,3,False
C:\Users\Brazza\Documents\UFOP\TCC\Algoritmos\Tools\datasets\raw_bin\quad1\static_presence\static_presence_20260614_095542.bin,static_presence,quad1,static_presence_20260614_095542.bin,C:\Users\Brazza\Documents\UFOP\TCC\Algoritmos\Tools\datasets\raw_bin\quad1\static_presence\static_presence_20260614_095542.bin,1,True
C:\Users\Brazza\Documents\UFOP\TCC\Algoritmos\Tools\datasets\raw_bin\quad1\static_presence\static_presence_20260614_095720.bin,static_presence,quad1,static_presence_20260614_095720.bin,C:\Users\Brazza\Documents\UFOP\TCC\Algoritmos\Tools\datasets\raw_bin\quad1\static_presence\static_presence_20260614_095720.bin,1,True
C:\Users\Brazza\Documents\UFOP\TCC\Algoritmos\Tools\datasets\raw_bin\quad1\static_presence\static_presence_20260614_095749.bin,static_presence,quad1,static_presence_20260614_095749.bin,C:\Users\Brazza\Documents\UFOP\TCC\Algoritmos\Tools\datasets\raw_bin\quad1\static_presence\static_presence_20260614_095749.bin,1,True
C:\Users\Brazza\Documents\UFOP\TCC\Algoritmos\Tools\datasets\raw_bin\quad1\static_presence\static_presence_20260614_093848.bin,static_presence,quad1,static_presence_20260614_093848.bin,C:\Users\Brazza\Documents\UFOP\TCC\Algoritmos\Tools\datasets\raw_bin\quad1\static_presence\static_presence_20260614_093848.bin,2,True
C:\Users\Brazza\Documents\UFOP\TCC\Algoritmos\Tools\datasets\raw_bin\quad1\static_presence\static_presence_20260614_093901.bin,static_presence,quad1,static_presence_20260614_093901.bin,C:\Users\Brazza\Documents\UFOP\TCC\Algoritmos\Tools\datasets\raw_bin\quad1\static_presence\static_presence_20260614_093901.bin,2,True
C:\Users\Brazza\Documents\UFOP\TCC\Algoritmos\Tools\datasets\raw_bin\quad1\static_presence\static_presence_20260614_094213.bin,static_presence,quad1,static_presence_20260614_094213.bin,C:\Users\Brazza\Documents\UFOP\TCC\Algoritmos\Tools\datasets\raw_bin\quad1\static_presence\static_presence_20260614_094213.bin,2,True
C:\Users\Brazza\Documents\UFOP\TCC\Algoritmos\Tools\datasets\raw_bin\quad1\static_presence\static_presence_20260614_094419.bin,static_presence,quad1,static_presence_20260614_094419.bin,C:\Users\Brazza\Documents\UFOP\TCC\Algoritmos\Tools\datasets\raw_bin\quad1\static_presence\static_presence_20260614_094419.bin,2,True
C:\Users\Brazza\Documents\UFOP\TCC\Algoritmos\Tools\datasets\raw_bin\quad1\static_presence\static_presence_20260614_094432.bin,static_presence,quad1,static_presence_20260614_094432.bin,C:\Users\Brazza\Documents\UFOP\TCC\Algoritmos\Tools\datasets\raw_bin\quad1\static_presence\static_presence_20260614_094432.bin,2,True
C:\Users\Brazza\Documents\UFOP\TCC\Algoritmos\Tools\datasets\raw_bin\quad1\static_presence\static_presence_20260614_094444.bin,static_presence,quad1,static_presence_20260614_094444.bin,C:\Users\Brazza\Documents\UFOP\TCC\Algoritmos\Tools\datasets\raw_bin\quad1\static_presence\static_presence_20260614_094444.bin,2,True
C:\Users\Brazza\Documents\UFOP\TCC\Algoritmos\Tools\datasets\raw_bin\quad1\static_presence\static_presence_20260614_095358.bin,static_presence,quad1,static_presence_20260614_095358.bin,C:\Users\Brazza\Documents\UFOP\TCC\Algoritmos\Tools\datasets\raw_bin\quad1\static_presence\static_presence_20260614_095358.bin,2,True
C:\Users\Brazza\Documents\UFOP\TCC\Algoritmos\Tools\datasets\raw_bin\quad1\static_presence\static_presence_20260614_095411.bin,static_presence,quad1,static_presence_20260614_095411.bin,C:\Users\Brazza\Documents\UFOP\TCC\Algoritmos\Tools\datasets\raw_bin\quad1\static_presence\static_presence_20260614_095411.bin,2,True
C:\Users\Brazza\Documents\UFOP\TCC\Algoritmos\Tools\datasets\raw_bin\quad1\static_presence\static_presence_20260614_095427.bin,static_presence,quad1,static_presence_20260614_095427.bin,C:\Users\Brazza\Documents\UFOP\TCC\Algoritmos\Tools\datasets\raw_bin\quad1\static_presence\static_presence_20260614_095427.bin,2,True
C:\Users\Brazza\Documents\UFOP\TCC\Algoritmos\Tools\datasets\raw_bin\quad1\static_presence\static_presence_20260614_095451.bin,static_presence,quad1,static_presence_20260614_095451.bin,C:\Users\Brazza\Documents\UFOP\TCC\Algoritmos\Tools\datasets\raw_bin\quad1\static_presence\static_presence_20260614_095451.bin,2,True
C:\Users\Brazza\Documents\UFOP\TCC\Algoritmos\Tools\datasets\raw_bin\quad1\static_presence\static_presence_20260614_095708.bin,static_presence,quad1,static_presence_20260614_095708.bin,C:\Users\Brazza\Documents\UFOP\TCC\Algoritmos\Tools\datasets\raw_bin\quad1\static_presence\static_presence_20260614_095708.bin,2,True
C:\Users\Brazza\Documents\UFOP\TCC\Algoritmos\Tools\datasets\raw_bin\quad1\static_presence\static_presence_20260614_095801.bin,static_presence,quad1,static_presence_20260614_095801.bin,C:\Users\Brazza\Documents\UFOP\TCC\Algoritmos\Tools\datasets\raw_bin\quad1\static_presence\static_presence_20260614_095801.bin,2,True
C:\Users\Brazza\Documents\UFOP\TCC\Algoritmos\Tools\datasets\raw_bin\quad1\static_presence\static_presence_20260614_095527.bin,static_presence,quad1,static_presence_20260614_095527.bin,C:\Users\Brazza\Documents\UFOP\TCC\Algoritmos\Tools\datasets\raw_bin\quad1\static_presence\static_presence_20260614_095527.bin,3,False
C:\Users\Brazza\Documents\UFOP\TCC\Algoritmos\Tools\datasets\raw_bin\quad2\static_presence\static_presence_20260614_101421.bin,static_presence,quad2,static_presence_20260614_101421.bin,C:\Users\Brazza\Documents\UFOP\TCC\Algoritmos\Tools\datasets\raw_bin\quad2\static_presence\static_presence_20260614_101421.bin,1,True
C:\Users\Brazza\Documents\UFOP\TCC\Algoritmos\Tools\datasets\raw_bin\quad2\static_presence\static_presence_20260614_101537.bin,static_presence,quad2,static_presence_20260614_101537.bin,C:\Users\Brazza\Documents\UFOP\TCC\Algoritmos\Tools\datasets\raw_bin\quad2\static_presence\static_presence_20260614_101537.bin,1,True
C:\Users\Brazza\Documents\UFOP\TCC\Algoritmos\Tools\datasets\raw_bin\quad2\static_presence\static_presence_20260614_101921.bin,static_presence,quad2,static_presence_20260614_101921.bin,C:\Users\Brazza\Documents\UFOP\TCC\Algoritmos\Tools\datasets\raw_bin\quad2\static_presence\static_presence_20260614_101921.bin,1,True
C:\Users\Brazza\Documents\UFOP\TCC\Algoritmos\Tools\datasets\raw_bin\quad2\static_presence\static_presence_20260614_101025.bin,static_presence,quad2,static_presence_20260614_101025.bin,C:\Users\Brazza\Documents\UFOP\TCC\Algoritmos\Tools\datasets\raw_bin\quad2\static_presence\static_presence_20260614_101025.bin,2,True
C:\Users\Brazza\Documents\UFOP\TCC\Algoritmos\Tools\datasets\raw_bin\quad2\static_presence\static_presence_20260614_101037.bin,static_presence,quad2,static_presence_20260614_101037.bin,C:\Users\Brazza\Documents\UFOP\TCC\Algoritmos\Tools\datasets\raw_bin\quad2\static_presence\static_presence_20260614_101037.bin,2,True
C:\Users\Brazza\Documents\UFOP\TCC\Algoritmos\Tools\datasets\raw_bin\quad2\static_presence\static_presence_20260614_101049.bin,static_presence,quad2,static_presence_20260614_101049.bin,C:\Users\Brazza\Documents\UFOP\TCC\Algoritmos\Tools\datasets\raw_bin\quad2\static_presence\static_presence_20260614_101049.bin,2,True
C:\Users\Brazza\Documents\UFOP\TCC\Algoritmos\Tools\datasets\raw_bin\quad2\static_presence\static_presence_20260614_101130.bin,static_presence,quad2,static_presence_20260614_101130.bin,C:\Users\Brazza\Documents\UFOP\TCC\Algoritmos\Tools\datasets\raw_bin\quad2\static_presence\static_presence_20260614_101130.bin,2,True
C:\Users\Brazza\Documents\UFOP\TCC\Algoritmos\Tools\datasets\raw_bin\quad2\static_presence\static_presence_20260614_101141.bin,static_presence,quad2,static_presence_20260614_101141.bin,C:\Users\Brazza\Documents\UFOP\TCC\Algoritmos\Tools\datasets\raw_bin\quad2\static_presence\static_presence_20260614_101141.bin,2,True
C:\Users\Brazza\Documents\UFOP\TCC\Algoritmos\Tools\datasets\raw_bin\quad2\static_presence\static_presence_20260614_101153.bin,static_presence,quad2,static_presence_20260614_101153.bin,C:\Users\Brazza\Documents\UFOP\TCC\Algoritmos\Tools\datasets\raw_bin\quad2\static_presence\static_presence_20260614_101153.bin,2,True
C:\Users\Brazza\Documents\UFOP\TCC\Algoritmos\Tools\datasets\raw_bin\quad2\static_presence\static_presence_20260614_101433.bin,static_presence,quad2,static_presence_20260614_101433.bin,C:\Users\Brazza\Documents\UFOP\TCC\Algoritmos\Tools\datasets\raw_bin\quad2\static_presence\static_presence_20260614_101433.bin,2,True
C:\Users\Brazza\Documents\UFOP\TCC\Algoritmos\Tools\datasets\raw_bin\quad2\static_presence\static_presence_20260614_101445.bin,static_presence,quad2,static_presence_20260614_101445.bin,C:\Users\Brazza\Documents\UFOP\TCC\Algoritmos\Tools\datasets\raw_bin\quad2\static_presence\static_presence_20260614_101445.bin,2,True
C:\Users\Brazza\Documents\UFOP\TCC\Algoritmos\Tools\datasets\raw_bin\quad2\static_presence\static_presence_20260614_101457.bin,static_presence,quad2,static_presence_20260614_101457.bin,C:\Users\Brazza\Documents\UFOP\TCC\Algoritmos\Tools\datasets\raw_bin\quad2\static_presence\static_presence_20260614_101457.bin,2,True
C:\Users\Brazza\Documents\UFOP\TCC\Algoritmos\Tools\datasets\raw_bin\quad2\static_presence\static_presence_20260614_101511.bin,static_presence,quad2,static_presence_20260614_101511.bin,C:\Users\Brazza\Documents\UFOP\TCC\Algoritmos\Tools\datasets\raw_bin\quad2\static_presence\static_presence_20260614_101511.bin,2,True
C:\Users\Brazza\Documents\UFOP\TCC\Algoritmos\Tools\datasets\raw_bin\quad2\static_presence\static_presence_20260614_101550.bin,static_presence,quad2,static_presence_20260614_101550.bin,C:\Users\Brazza\Documents\UFOP\TCC\Algoritmos\Tools\datasets\raw_bin\quad2\static_presence\static_presence_20260614_101550.bin,2,True
C:\Users\Brazza\Documents\UFOP\TCC\Algoritmos\Tools\datasets\raw_bin\quad2\static_presence\static_presence_20260614_101856.bin,static_presence,quad2,static_presence_20260614_101856.bin,C:\Users\Brazza\Documents\UFOP\TCC\Algoritmos\Tools\datasets\raw_bin\quad2\static_presence\static_presence_20260614_101856.bin,2,True
C:\Users\Brazza\Documents\UFOP\TCC\Algoritmos\Tools\datasets\raw_bin\quad2\static_presence\static_presence_20260614_101934.bin,static_presence,quad2,static_presence_20260614_101934.bin,C:\Users\Brazza\Documents\UFOP\TCC\Algoritmos\Tools\datasets\raw_bin\quad2\static_presence\static_presence_20260614_101934.bin,2,True
C:\Users\Brazza\Documents\UFOP\TCC\Algoritmos\Tools\datasets\raw_bin\quad2\static_presence\static_presence_20260614_101523.bin,static_presence,quad2,static_presence_20260614_101523.bin,C:\Users\Brazza\Documents\UFOP\TCC\Algoritmos\Tools\datasets\raw_bin\quad2\static_presence\static_presence_20260614_101523.bin,3,False
C:\Users\Brazza\Documents\UFOP\TCC\Algoritmos\Tools\datasets\raw_bin\quad3\static_presence\static_presence_20260614_125204.bin,static_presence,quad3,static_presence_20260614_125204.bin,C:\Users\Brazza\Documents\UFOP\TCC\Algoritmos\Tools\datasets\raw_bin\quad3\static_presence\static_presence_20260614_125204.bin,1,True
C:\Users\Brazza\Documents\UFOP\TCC\Algoritmos\Tools\datasets\raw_bin\quad3\static_presence\static_presence_20260614_125510.bin,static_presence,quad3,static_presence_20260614_125510.bin,C:\Users\Brazza\Documents\UFOP\TCC\Algoritmos\Tools\datasets\raw_bin\quad3\static_presence\static_presence_20260614_125510.bin,1,True
C:\Users\Brazza\Documents\UFOP\TCC\Algoritmos\Tools\datasets\raw_bin\quad3\static_presence\static_presence_20260614_125637.bin,static_presence,quad3,static_presence_20260614_125637.bin,C:\Users\Brazza\Documents\UFOP\TCC\Algoritmos\Tools\datasets\raw_bin\quad3\static_presence\static_presence_20260614_125637.bin,1,True
C:\Users\Brazza\Documents\UFOP\TCC\Algoritmos\Tools\datasets\raw_bin\quad3\static_presence\static_presence_20260614_125033.bin,static_presence,quad3,static_presence_20260614_125033.bin,C:\Users\Brazza\Documents\UFOP\TCC\Algoritmos\Tools\datasets\raw_bin\quad3\static_presence\static_presence_20260614_125033.bin,2,True
C:\Users\Brazza\Documents\UFOP\TCC\Algoritmos\Tools\datasets\raw_bin\quad3\static_presence\static_presence_20260614_125045.bin,static_presence,quad3,static_presence_20260614_125045.bin,C:\Users\Brazza\Documents\UFOP\TCC\Algoritmos\Tools\datasets\raw_bin\quad3\static_presence\static_presence_20260614_125045.bin,2,True
C:\Users\Brazza\Documents\UFOP\TCC\Algoritmos\Tools\datasets\raw_bin\quad3\static_presence\static_presence_20260614_125210.bin,static_presence,quad3,static_presence_20260614_125210.bin,C:\Users\Brazza\Documents\UFOP\TCC\Algoritmos\Tools\datasets\raw_bin\quad3\static_presence\static_presence_20260614_125210.bin,2,True
C:\Users\Brazza\Documents\UFOP\TCC\Algoritmos\Tools\datasets\raw_bin\quad3\static_presence\static_presence_20260614_125222.bin,static_presence,quad3,static_presence_20260614_125222.bin,C:\Users\Brazza\Documents\UFOP\TCC\Algoritmos\Tools\datasets\raw_bin\quad3\static_presence\static_presence_20260614_125222.bin,2,True
C:\Users\Brazza\Documents\UFOP\TCC\Algoritmos\Tools\datasets\raw_bin\quad3\static_presence\static_presence_20260614_125522.bin,static_presence,quad3,static_presence_20260614_125522.bin,C:\Users\Brazza\Documents\UFOP\TCC\Algoritmos\Tools\datasets\raw_bin\quad3\static_presence\static_presence_20260614_125522.bin,2,True
C:\Users\Brazza\Documents\UFOP\TCC\Algoritmos\Tools\datasets\raw_bin\quad3\static_presence\static_presence_20260614_125534.bin,static_presence,quad3,static_presence_20260614_125534.bin,C:\Users\Brazza\Documents\UFOP\TCC\Algoritmos\Tools\datasets\raw_bin\quad3\static_presence\static_presence_20260614_125534.bin,2,True
C:\Users\Brazza\Documents\UFOP\TCC\Algoritmos\Tools\datasets\raw_bin\quad3\static_presence\static_presence_20260614_125547.bin,static_presence,quad3,static_presence_20260614_125547.bin,C:\Users\Brazza\Documents\UFOP\TCC\Algoritmos\Tools\datasets\raw_bin\quad3\static_presence\static_presence_20260614_125547.bin,2,True
C:\Users\Brazza\Documents\UFOP\TCC\Algoritmos\Tools\datasets\raw_bin\quad3\static_presence\static_presence_20260614_125559.bin,static_presence,quad3,static_presence_20260614_125559.bin,C:\Users\Brazza\Documents\UFOP\TCC\Algoritmos\Tools\datasets\raw_bin\quad3\static_presence\static_presence_20260614_125559.bin,2,True
C:\Users\Brazza\Documents\UFOP\TCC\Algoritmos\Tools\datasets\raw_bin\quad3\static_presence\static_presence_20260614_125610.bin,static_presence,quad3,static_presence_20260614_125610.bin,C:\Users\Brazza\Documents\UFOP\TCC\Algoritmos\Tools\datasets\raw_bin\quad3\static_presence\static_presence_20260614_125610.bin,2,True
C:\Users\Brazza\Documents\UFOP\TCC\Algoritmos\Tools\datasets\raw_bin\quad3\static_presence\static_presence_20260614_125648.bin,static_presence,quad3,static_presence_20260614_125648.bin,C:\Users\Brazza\Documents\UFOP\TCC\Algoritmos\Tools\datasets\raw_bin\quad3\static_presence\static_presence_20260614_125648.bin,2,True
C:\Users\Brazza\Documents\UFOP\TCC\Algoritmos\Tools\datasets\raw_bin\quad4\static_presence\static_presence_20260614_123924.bin,static_presence,quad4,static_presence_20260614_123924.bin,C:\Users\Brazza\Documents\UFOP\TCC\Algoritmos\Tools\datasets\raw_bin\quad4\static_presence\static_presence_20260614_123924.bin,1,True
C:\Users\Brazza\Documents\UFOP\TCC\Algoritmos\Tools\datasets\raw_bin\quad4\static_presence\static_presence_20260614_124337.bin,static_presence,quad4,static_presence_20260614_124337.bin,C:\Users\Brazza\Documents\UFOP\TCC\Algoritmos\Tools\datasets\raw_bin\quad4\static_presence\static_presence_20260614_124337.bin,1,True
C:\Users\Brazza\Documents\UFOP\TCC\Algoritmos\Tools\datasets\raw_bin\quad4\static_presence\static_presence_20260614_124418.bin,static_presence,quad4,static_presence_20260614_124418.bin,C:\Users\Brazza\Documents\UFOP\TCC\Algoritmos\Tools\datasets\raw_bin\quad4\static_presence\static_presence_20260614_124418.bin,1,True
C:\Users\Brazza\Documents\UFOP\TCC\Algoritmos\Tools\datasets\raw_bin\quad4\static_presence\static_presence_20260614_123722.bin,static_presence,quad4,static_presence_20260614_123722.bin,C:\Users\Brazza\Documents\UFOP\TCC\Algoritmos\Tools\datasets\raw_bin\quad4\static_presence\static_presence_20260614_123722.bin,2,True
C:\Users\Brazza\Documents\UFOP\TCC\Algoritmos\Tools\datasets\raw_bin\quad4\static_presence\static_presence_20260614_123746.bin,static_presence,quad4,static_presence_20260614_123746.bin,C:\Users\Brazza\Documents\UFOP\TCC\Algoritmos\Tools\datasets\raw_bin\quad4\static_presence\static_presence_20260614_123746.bin,2,True
C:\Users\Brazza\Documents\UFOP\TCC\Algoritmos\Tools\datasets\raw_bin\quad4\static_presence\static_presence_20260614_123759.bin,static_presence,quad4,static_presence_20260614_123759.bin,C:\Users\Brazza\Documents\UFOP\TCC\Algoritmos\Tools\datasets\raw_bin\quad4\static_presence\static_presence_20260614_123759.bin,2,True
C:\Users\Brazza\Documents\UFOP\TCC\Algoritmos\Tools\datasets\raw_bin\quad4\static_presence\static_presence_20260614_123811.bin,static_presence,quad4,static_presence_20260614_123811.bin,C:\Users\Brazza\Documents\UFOP\TCC\Algoritmos\Tools\datasets\raw_bin\quad4\static_presence\static_presence_20260614_123811.bin,2,True
C:\Users\Brazza\Documents\UFOP\TCC\Algoritmos\Tools\datasets\raw_bin\quad4\static_presence\static_presence_20260614_123822.bin,static_presence,quad4,static_presence_20260614_123822.bin,C:\Users\Brazza\Documents\UFOP\TCC\Algoritmos\Tools\datasets\raw_bin\quad4\static_presence\static_presence_20260614_123822.bin,2,True
C:\Users\Brazza\Documents\UFOP\TCC\Algoritmos\Tools\datasets\raw_bin\quad4\static_presence\static_presence_20260614_123850.bin,static_presence,quad4,static_presence_20260614_123850.bin,C:\Users\Brazza\Documents\UFOP\TCC\Algoritmos\Tools\datasets\raw_bin\quad4\static_presence\static_presence_20260614_123850.bin,2,True
C:\Users\Brazza\Documents\UFOP\TCC\Algoritmos\Tools\datasets\raw_bin\quad4\static_presence\static_presence_20260614_123901.bin,static_presence,quad4,static_presence_20260614_123901.bin,C:\Users\Brazza\Documents\UFOP\TCC\Algoritmos\Tools\datasets\raw_bin\quad4\static_presence\static_presence_20260614_123901.bin,2,True
C:\Users\Brazza\Documents\UFOP\TCC\Algoritmos\Tools\datasets\raw_bin\quad4\static_presence\static_presence_20260614_123913.bin,static_presence,quad4,static_presence_20260614_123913.bin,C:\Users\Brazza\Documents\UFOP\TCC\Algoritmos\Tools\datasets\raw_bin\quad4\static_presence\static_presence_20260614_123913.bin,2,True
C:\Users\Brazza\Documents\UFOP\TCC\Algoritmos\Tools\datasets\raw_bin\quad4\static_presence\static_presence_20260614_124429.bin,static_presence,quad4,static_presence_20260614_124429.bin,C:\Users\Brazza\Documents\UFOP\TCC\Algoritmos\Tools\datasets\raw_bin\quad4\static_presence\static_presence_20260614_124429.bin,2,True
C:\Users\Brazza\Documents\UFOP\TCC\Algoritmos\Tools\datasets\raw_bin\quad4\static_presence\static_presence_20260614_124452.bin,static_presence,quad4,static_presence_20260614_124452.bin,C:\Users\Brazza\Documents\UFOP\TCC\Algoritmos\Tools\datasets\raw_bin\quad4\static_presence\static_presence_20260614_124452.bin,2,True
C:\Users\Brazza\Documents\UFOP\TCC\Algoritmos\Tools\datasets\raw_bin\quad4\static_presence\static_presence_20260614_124521.bin,static_presence,quad4,static_presence_20260614_124521.bin,C:\Users\Brazza\Documents\UFOP\TCC\Algoritmos\Tools\datasets\raw_bin\quad4\static_presence\static_presence_20260614_124521.bin,2,True
C:\Users\Brazza\Documents\UFOP\TCC\Algoritmos\Tools\datasets\raw_bin\quad4\static_presence\static_presence_20260614_124533.bin,static_presence,quad4,static_presence_20260614_124533.bin,C:\Users\Brazza\Documents\UFOP\TCC\Algoritmos\Tools\datasets\raw_bin\quad4\static_presence\static_presence_20260614_124533.bin,2,True
C:\Users\Brazza\Documents\UFOP\TCC\Algoritmos\Tools\datasets\raw_bin\quad4\static_presence\static_presence_20260614_124546.bin,static_presence,quad4,static_presence_20260614_124546.bin,C:\Users\Brazza\Documents\UFOP\TCC\Algoritmos\Tools\datasets\raw_bin\quad4\static_presence\static_presence_20260614_124546.bin,2,True
C:\Users\Brazza\Documents\UFOP\TCC\Algoritmos\Tools\datasets\raw_bin\quad5\static_presence\static_presence_20260614_122809.bin,static_presence,quad5,static_presence_20260614_122809.bin,C:\Users\Brazza\Documents\UFOP\TCC\Algoritmos\Tools\datasets\raw_bin\quad5\static_presence\static_presence_20260614_122809.bin,2,True
C:\Users\Brazza\Documents\UFOP\TCC\Algoritmos\Tools\datasets\raw_bin\quad5\static_presence\static_presence_20260614_122848.bin,static_presence,quad5,static_presence_20260614_122848.bin,C:\Users\Brazza\Documents\UFOP\TCC\Algoritmos\Tools\datasets\raw_bin\quad5\static_presence\static_presence_20260614_122848.bin,2,True
C:\Users\Brazza\Documents\UFOP\TCC\Algoritmos\Tools\datasets\raw_bin\quad5\static_presence\static_presence_20260614_122858.bin,static_presence,quad5,static_presence_20260614_122858.bin,C:\Users\Brazza\Documents\UFOP\TCC\Algoritmos\Tools\datasets\raw_bin\quad5\static_presence\static_presence_20260614_122858.bin,2,True
C:\Users\Brazza\Documents\UFOP\TCC\Algoritmos\Tools\datasets\raw_bin\quad5\static_presence\static_presence_20260614_122913.bin,static_presence,quad5,static_presence_20260614_122913.bin,C:\Users\Brazza\Documents\UFOP\TCC\Algoritmos\Tools\datasets\raw_bin\quad5\static_presence\static_presence_20260614_122913.bin,2,True
C:\Users\Brazza\Documents\UFOP\TCC\Algoritmos\Tools\datasets\raw_bin\quad5\static_presence\static_presence_20260614_122924.bin,static_presence,quad5,static_presence_20260614_122924.bin,C:\Users\Brazza\Documents\UFOP\TCC\Algoritmos\Tools\datasets\raw_bin\quad5\static_presence\static_presence_20260614_122924.bin,2,True
C:\Users\Brazza\Documents\UFOP\TCC\Algoritmos\Tools\datasets\raw_bin\quad5\static_presence\static_presence_20260614_123154.bin,static_presence,quad5,static_presence_20260614_123154.bin,C:\Users\Brazza\Documents\UFOP\TCC\Algoritmos\Tools\datasets\raw_bin\quad5\static_presence\static_presence_20260614_123154.bin,2,True
C:\Users\Brazza\Documents\UFOP\TCC\Algoritmos\Tools\datasets\raw_bin\quad5\static_presence\static_presence_20260614_123206.bin,static_presence,quad5,static_presence_20260614_123206.bin,C:\Users\Brazza\Documents\UFOP\TCC\Algoritmos\Tools\datasets\raw_bin\quad5\static_presence\static_presence_20260614_123206.bin,2,True
C:\Users\Brazza\Documents\UFOP\TCC\Algoritmos\Tools\datasets\raw_bin\quad5\static_presence\static_presence_20260614_123219.bin,static_presence,quad5,static_presence_20260614_123219.bin,C:\Users\Brazza\Documents\UFOP\TCC\Algoritmos\Tools\datasets\raw_bin\quad5\static_presence\static_presence_20260614_123219.bin,2,True
C:\Users\Brazza\Documents\UFOP\TCC\Algoritmos\Tools\datasets\raw_bin\quad5\static_presence\static_presence_20260614_123230.bin,static_presence,quad5,static_presence_20260614_123230.bin,C:\Users\Brazza\Documents\UFOP\TCC\Algoritmos\Tools\datasets\raw_bin\quad5\static_presence\static_presence_20260614_123230.bin,2,True
C:\Users\Brazza\Documents\UFOP\TCC\Algoritmos\Tools\datasets\raw_bin\quad5\static_presence\static_presence_20260614_123242.bin,static_presence,quad5,static_presence_20260614_123242.bin,C:\Users\Brazza\Documents\UFOP\TCC\Algoritmos\Tools\datasets\raw_bin\quad5\static_presence\static_presence_20260614_123242.bin,2,True
C:\Users\Brazza\Documents\UFOP\TCC\Algoritmos\Tools\datasets\raw_bin\quad5\static_presence\static_presence_20260614_123256.bin,static_presence,quad5,static_presence_20260614_123256.bin,C:\Users\Brazza\Documents\UFOP\TCC\Algoritmos\Tools\datasets\raw_bin\quad5\static_presence\static_presence_20260614_123256.bin,2,True
C:\Users\Brazza\Documents\UFOP\TCC\Algoritmos\Tools\datasets\raw_bin\quad5\static_presence\static_presence_20260614_123309.bin,static_presence,quad5,static_presence_20260614_123309.bin,C:\Users\Brazza\Documents\UFOP\TCC\Algoritmos\Tools\datasets\raw_bin\quad5\static_presence\static_presence_20260614_123309.bin,2,True
C:\Users\Brazza\Documents\UFOP\TCC\Algoritmos\Tools\datasets\raw_bin\quad5\static_presence\static_presence_20260614_123321.bin,static_presence,quad5,static_presence_20260614_123321.bin,C:\Users\Brazza\Documents\UFOP\TCC\Algoritmos\Tools\datasets\raw_bin\quad5\static_presence\static_presence_20260614_123321.bin,2,True
C:\Users\Brazza\Documents\UFOP\TCC\Algoritmos\Tools\datasets\raw_bin\quad5\static_presence\static_presence_20260614_123332.bin,static_presence,quad5,static_presence_20260614_123332.bin,C:\Users\Brazza\Documents\UFOP\TCC\Algoritmos\Tools\datasets\raw_bin\quad5\static_presence\static_presence_20260614_123332.bin,2,True
C:\Users\Brazza\Documents\UFOP\TCC\Algoritmos\Tools\datasets\raw_bin\quad5\static_presence\static_presence_20260614_123414.bin,static_presence,quad5,static_presence_20260614_123414.bin,C:\Users\Brazza\Documents\UFOP\TCC\Algoritmos\Tools\datasets\raw_bin\quad5\static_presence\static_presence_20260614_123414.bin,2,True
C:\Users\Brazza\Documents\UFOP\TCC\Algoritmos\Tools\datasets\raw_bin\quad5\static_presence\static_presence_20260614_122837.bin,static_presence,quad5,static_presence_20260614_122837.bin,C:\Users\Brazza\Documents\UFOP\TCC\Algoritmos\Tools\datasets\raw_bin\quad5\static_presence\static_presence_20260614_122837.bin,3,False
