sample_index,sample_id,group_id,quadrant,file_name,source_file,window_index,original_label,true_label,predicted_label,correct
0,768,C:\Users\Brazza\Documents\UFOP\TCC\Algoritmos\Tools\datasets\raw_bin\quad5\static_presence\static_presence_20260614_123242.bin,quad5,static_presence_20260614_123242.bin,C:\Users\Brazza\Documents\UFOP\TCC\Algoritmos\Tools\datasets\raw_bin\quad5\static_presence\static_presence_20260614_123242.bin,1,static_presence,presence,presence,True
1,475,C:\Users\Brazza\Documents\UFOP\TCC\Algoritmos\Tools\datasets\raw_bin\quad3\static_presence\static_presence_20260614_125547.bin,quad3,static_presence_20260614_125547.bin,C:\Users\Brazza\Documents\UFOP\TCC\Algoritmos\Tools\datasets\raw_bin\quad3\static_presence\static_presence_20260614_125547.bin,0,static_presence,presence,presence,True
2,119,C:\Users\Brazza\Documents\UFOP\TCC\Algoritmos\Tools\datasets\raw_bin\quad1\static_presence\static_presence_20260614_094213.bin,quad1,static_presence_20260614_094213.bin,C:\Users\Brazza\Documents\UFOP\TCC\Algoritmos\Tools\datasets\raw_bin\quad1\static_presence\static_presence_20260614_094213.bin,2,static_presence,presence,presence,True
3,242,C:\Users\Brazza\Documents\UFOP\TCC\Algoritmos\Tools\datasets\raw_bin\quad2\movement\movement_20260614_100949.bin,quad2,movement_20260614_100949.bin,C:\Users\Brazza\Documents\UFOP\TCC\Algoritmos\Tools\datasets\raw_bin\quad2\movement\movement_20260614_100949.bin,2,movement,presence,presence,True
4,758,C:\Users\Brazza\Documents\UFOP\TCC\Algoritmos\Tools\datasets\raw_bin\quad5\static_presence\static_presence_20260614_123206.bin,quad5,static_presence_20260614_123206.bin,C:\Users\Brazza\Documents\UFOP\TCC\Algoritmos\Tools\datasets\raw_bin\quad5\static_presence\static_presence_20260614_123206.bin,1,static_presence,presence,empty,False
5,521,C:\Users\Brazza\Documents\UFOP\TCC\Algoritmos\Tools\datasets\raw_bin\quad4\movement\movement_20260614_124159.bin,quad4,movement_20260614_124159.bin,C:\Users\Brazza\Documents\UFOP\TCC\Algoritmos\Tools\datasets\raw_bin\quad4\movement\movement_20260614_124159.bin,3,movement,presence,presence,True
6,510,C:\Users\Brazza\Documents\UFOP\TCC\Algoritmos\Tools\datasets\raw_bin\quad4\movement\movement_20260614_124105.bin,quad4,movement_20260614_124105.bin,C:\Users\Brazza\Documents\UFOP\TCC\Algoritmos\Tools\datasets\raw_bin\quad4\movement\movement_20260614_124105.bin,2,movement,presence,presence,True
7,707,C:\Users\Brazza\Documents\UFOP\TCC\Algoritmos\Tools\datasets\raw_bin\quad5\movement\movement_20260614_123542.bin,quad5,movement_20260614_123542.bin,C:\Users\Brazza\Documents\UFOP\TCC\Algoritmos\Tools\datasets\raw_bin\quad5\movement\movement_20260614_123542.bin,3,movement,presence,presence,True
8,192,C:\Users\Brazza\Documents\UFOP\TCC\Algoritmos\Tools\datasets\raw_bin\quad2\empty\empty_20260614_102603.bin,quad2,empty_20260614_102603.bin,C:\Users\Brazza\Documents\UFOP\TCC\Algoritmos\Tools\datasets\raw_bin\quad2\empty\empty_20260614_102603.bin,2,empty,empty,presence,False
9,147,C:\Users\Brazza\Documents\UFOP\TCC\Algoritmos\Tools\datasets\raw_bin\quad1\static_presence\static_presence_20260614_095527.bin,quad1,static_presence_20260614_095527.bin,C:\Users\Brazza\Documents\UFOP\TCC\Algoritmos\Tools\datasets\raw_bin\quad1\static_presence\static_presence_20260614_095527.bin,1,static_presence,presence,presence,True
10,559,C:\Users\Brazza\Documents\UFOP\TCC\Algoritmos\Tools\datasets\raw_bin\quad4\movement\movement_20260614_124854.bin,quad4,movement_20260614_124854.bin,C:\Users\Brazza\Documents\UFOP\TCC\Algoritmos\Tools\datasets\raw_bin\quad4\movement\movement_20260614_124854.bin,1,movement,presence,presence,True
11,438,C:\Users\Brazza\Documents\UFOP\TCC\Algoritmos\Tools\datasets\raw_bin\quad3\movement\movement_20260614_125921.bin,quad3,movement_20260614_125921.bin,C:\Users\Brazza\Documents\UFOP\TCC\Algoritmos\Tools\datasets\raw_bin\quad3\movement\movement_20260614_125921.bin,0,movement,presence,presence,True
12,244,C:\Users\Brazza\Documents\UFOP\TCC\Algoritmos\Tools\datasets\raw_bin\quad2\movement\movement_20260614_101002.bin,quad2,movement_20260614_101002.bin,C:\Users\Brazza\Documents\UFOP\TCC\Algoritmos\Tools\datasets\raw_bin\quad2\movement\movement_20260614_101002.bin,0,movement,presence,presence,True
13,280,C:\Users\Brazza\Documents\UFOP\TCC\Algoritmos\Tools\datasets\raw_bin\quad2\movement\movement_20260614_101835.bin,quad2,movement_20260614_101835.bin,C:\Users\Brazza\Documents\UFOP\TCC\Algoritmos\Tools\datasets\raw_bin\quad2\movement\movement_20260614_101835.bin,0,movement,presence,presence,True
14,676,C:\Users\Brazza\Documents\UFOP\TCC\Algoritmos\Tools\datasets\raw_bin\quad5\movement\movement_20260614_123018.bin,quad5,movement_20260614_123018.bin,C:\Users\Brazza\Documents\UFOP\TCC\Algoritmos\Tools\datasets\raw_bin\quad5\movement\movement_20260614_123018.bin,1,movement,presence,presence,True
15,493,C:\Users\Brazza\Documents\UFOP\TCC\Algoritmos\Tools\datasets\raw_bin\quad3\static_presence\static_presence_20260614_125648.bin,quad3,static_presence_20260614_125648.bin,C:\Users\Brazza\Documents\UFOP\TCC\Algoritmos\Tools\datasets\raw_bin\quad3\static_presence\static_presence_20260614_125648.bin,3,static_presence,presence,presence,True
16,398,C:\Users\Brazza\Documents\UFOP\TCC\Algoritmos\Tools\datasets\raw_bin\quad3\movement\movement_20260614_125326.bin,quad3,movement_20260614_125326.bin,C:\Users\Brazza\Documents\UFOP\TCC\Algoritmos\Tools\datasets\raw_bin\quad3\movement\movement_20260614_125326.bin,2,movement,presence,presence,True
17,755,C:\Users\Brazza\Documents\UFOP\TCC\Algoritmos\Tools\datasets\raw_bin\quad5\static_presence\static_presence_20260614_123154.bin,quad5,static_presence_20260614_123154.bin,C:\Users\Brazza\Documents\UFOP\TCC\Algoritmos\Tools\datasets\raw_bin\quad5\static_presence\static_presence_20260614_123154.bin,2,static_presence,presence,presence,True
18,92,C:\Users\Brazza\Documents\UFOP\TCC\Algoritmos\Tools\datasets\raw_bin\quad1\movement\movement_20260614_095643.bin,quad1,movement_20260614_095643.bin,C:\Users\Brazza\Documents\UFOP\TCC\Algoritmos\Tools\datasets\raw_bin\quad1\movement\movement_20260614_095643.bin,0,movement,presence,presence,True
19,128,C:\Users\Brazza\Documents\UFOP\TCC\Algoritmos\Tools\datasets\raw_bin\quad1\static_presence\static_presence_20260614_094444.bin,quad1,static_presence_20260614_094444.bin,C:\Users\Brazza\Documents\UFOP\TCC\Algoritmos\Tools\datasets\raw_bin\quad1\static_presence\static_presence_20260614_094444.bin,1,static_presence,presence,presence,True
20,260,C:\Users\Brazza\Documents\UFOP\TCC\Algoritmos\Tools\datasets\raw_bin\quad2\movement\movement_20260614_101343.bin,quad2,movement_20260614_101343.bin,C:\Users\Brazza\Documents\UFOP\TCC\Algoritmos\Tools\datasets\raw_bin\quad2\movement\movement_20260614_101343.bin,2,movement,presence,presence,True
21,29,C:\Users\Brazza\Documents\UFOP\TCC\Algoritmos\Tools\datasets\raw_bin\quad1\empty\empty_20260614_100429.bin,quad1,empty_20260614_100429.bin,C:\Users\Brazza\Documents\UFOP\TCC\Algoritmos\Tools\datasets\raw_bin\quad1\empty\empty_20260614_100429.bin,0,empty,empty,presence,False
22,176,C:\Users\Brazza\Documents\UFOP\TCC\Algoritmos\Tools\datasets\raw_bin\quad2\empty\empty_20260614_102355.bin,quad2,empty_20260614_102355.bin,C:\Users\Brazza\Documents\UFOP\TCC\Algoritmos\Tools\datasets\raw_bin\quad2\empty\empty_20260614_102355.bin,0,empty,empty,empty,True
23,314,C:\Users\Brazza\Documents\UFOP\TCC\Algoritmos\Tools\datasets\raw_bin\quad2\static_presence\static_presence_20260614_101445.bin,quad2,static_presence_20260614_101445.bin,C:\Users\Brazza\Documents\UFOP\TCC\Algoritmos\Tools\datasets\raw_bin\quad2\static_presence\static_presence_20260614_101445.bin,3,static_presence,presence,presence,True
24,522,C:\Users\Brazza\Documents\UFOP\TCC\Algoritmos\Tools\datasets\raw_bin\quad4\movement\movement_20260614_124235.bin,quad4,movement_20260614_124235.bin,C:\Users\Brazza\Documents\UFOP\TCC\Algoritmos\Tools\datasets\raw_bin\quad4\movement\movement_20260614_124235.bin,0,movement,presence,presence,True
25,313,C:\Users\Brazza\Documents\UFOP\TCC\Algoritmos\Tools\datasets\raw_bin\quad2\static_presence\static_presence_20260614_101445.bin,quad2,static_presence_20260614_101445.bin,C:\Users\Brazza\Documents\UFOP\TCC\Algoritmos\Tools\datasets\raw_bin\quad2\static_presence\static_presence_20260614_101445.bin,2,static_presence,presence,presence,True
26,491,C:\Users\Brazza\Documents\UFOP\TCC\Algoritmos\Tools\datasets\raw_bin\quad3\static_presence\static_presence_20260614_125648.bin,quad3,static_presence_20260614_125648.bin,C:\Users\Brazza\Documents\UFOP\TCC\Algoritmos\Tools\datasets\raw_bin\quad3\static_presence\static_presence_20260614_125648.bin,1,static_presence,presence,presence,True
27,196,C:\Users\Brazza\Documents\UFOP\TCC\Algoritmos\Tools\datasets\raw_bin\quad2\empty\empty_20260614_102649.bin,quad2,empty_20260614_102649.bin,C:\Users\Brazza\Documents\UFOP\TCC\Algoritmos\Tools\datasets\raw_bin\quad2\empty\empty_20260614_102649.bin,0,empty,empty,presence,False
28,396,C:\Users\Brazza\Documents\UFOP\TCC\Algoritmos\Tools\datasets\raw_bin\quad3\movement\movement_20260614_125326.bin,quad3,movement_20260614_125326.bin,C:\Users\Brazza\Documents\UFOP\TCC\Algoritmos\Tools\datasets\raw_bin\quad3\movement\movement_20260614_125326.bin,0,movement,presence,presence,True
29,245,C:\Users\Brazza\Documents\UFOP\TCC\Algoritmos\Tools\datasets\raw_bin\quad2\movement\movement_20260614_101002.bin,quad2,movement_20260614_101002.bin,C:\Users\Brazza\Documents\UFOP\TCC\Algoritmos\Tools\datasets\raw_bin\quad2\movement\movement_20260614_101002.bin,1,movement,presence,presence,True
30,614,C:\Users\Brazza\Documents\UFOP\TCC\Algoritmos\Tools\datasets\raw_bin\quad4\static_presence\static_presence_20260614_124521.bin,quad4,static_presence_20260614_124521.bin,C:\Users\Brazza\Documents\UFOP\TCC\Algoritmos\Tools\datasets\raw_bin\quad4\static_presence\static_presence_20260614_124521.bin,2,static_presence,presence,presence,True
31,525,C:\Users\Brazza\Documents\UFOP\TCC\Algoritmos\Tools\datasets\raw_bin\quad4\movement\movement_20260614_124235.bin,quad4,movement_20260614_124235.bin,C:\Users\Brazza\Documents\UFOP\TCC\Algoritmos\Tools\datasets\raw_bin\quad4\movement\movement_20260614_124235.bin,3,movement,presence,presence,True
32,198,C:\Users\Brazza\Documents\UFOP\TCC\Algoritmos\Tools\datasets\raw_bin\quad2\empty\empty_20260614_102704.bin,quad2,empty_20260614_102704.bin,C:\Users\Brazza\Documents\UFOP\TCC\Algoritmos\Tools\datasets\raw_bin\quad2\empty\empty_20260614_102704.bin,1,empty,empty,presence,False
33,135,C:\Users\Brazza\Documents\UFOP\TCC\Algoritmos\Tools\datasets\raw_bin\quad1\static_presence\static_presence_20260614_095411.bin,quad1,static_presence_20260614_095411.bin,C:\Users\Brazza\Documents\UFOP\TCC\Algoritmos\Tools\datasets\raw_bin\quad1\static_presence\static_presence_20260614_095411.bin,0,static_presence,presence,empty,False
34,476,C:\Users\Brazza\Documents\UFOP\TCC\Algoritmos\Tools\datasets\raw_bin\quad3\static_presence\static_presence_20260614_125547.bin,quad3,static_presence_20260614_125547.bin,C:\Users\Brazza\Documents\UFOP\TCC\Algoritmos\Tools\datasets\raw_bin\quad3\static_presence\static_presence_20260614_125547.bin,1,static_presence,presence,presence,True
35,317,C:\Users\Brazza\Documents\UFOP\TCC\Algoritmos\Tools\datasets\raw_bin\quad2\static_presence\static_presence_20260614_101457.bin,quad2,static_presence_20260614_101457.bin,C:\Users\Brazza\Documents\UFOP\TCC\Algoritmos\Tools\datasets\raw_bin\quad2\static_presence\static_presence_20260614_101457.bin,2,static_presence,presence,presence,True
36,130,C:\Users\Brazza\Documents\UFOP\TCC\Algoritmos\Tools\datasets\raw_bin\quad1\static_presence\static_presence_20260614_094444.bin,quad1,static_presence_20260614_094444.bin,C:\Users\Brazza\Documents\UFOP\TCC\Algoritmos\Tools\datasets\raw_bin\quad1\static_presence\static_presence_20260614_094444.bin,3,static_presence,presence,presence,True
37,477,C:\Users\Brazza\Documents\UFOP\TCC\Algoritmos\Tools\datasets\raw_bin\quad3\static_presence\static_presence_20260614_125547.bin,quad3,static_presence_20260614_125547.bin,C:\Users\Brazza\Documents\UFOP\TCC\Algoritmos\Tools\datasets\raw_bin\quad3\static_presence\static_presence_20260614_125547.bin,2,static_presence,presence,presence,True
38,759,C:\Users\Brazza\Documents\UFOP\TCC\Algoritmos\Tools\datasets\raw_bin\quad5\static_presence\static_presence_20260614_123206.bin,quad5,static_presence_20260614_123206.bin,C:\Users\Brazza\Documents\UFOP\TCC\Algoritmos\Tools\datasets\raw_bin\quad5\static_presence\static_presence_20260614_123206.bin,2,static_presence,presence,empty,False
39,136,C:\Users\Brazza\Documents\UFOP\TCC\Algoritmos\Tools\datasets\raw_bin\quad1\static_presence\static_presence_20260614_095411.bin,quad1,static_presence_20260614_095411.bin,C:\Users\Brazza\Documents\UFOP\TCC\Algoritmos\Tools\datasets\raw_bin\quad1\static_presence\static_presence_20260614_095411.bin,1,static_presence,presence,presence,True
40,524,C:\Users\Brazza\Documents\UFOP\TCC\Algoritmos\Tools\datasets\raw_bin\quad4\movement\movement_20260614_124235.bin,quad4,movement_20260614_124235.bin,C:\Users\Brazza\Documents\UFOP\TCC\Algoritmos\Tools\datasets\raw_bin\quad4\movement\movement_20260614_124235.bin,2,movement,presence,presence,True
41,13,C:\Users\Brazza\Documents\UFOP\TCC\Algoritmos\Tools\datasets\raw_bin\quad1\empty\empty_20260614_100158.bin,quad1,empty_20260614_100158.bin,C:\Users\Brazza\Documents\UFOP\TCC\Algoritmos\Tools\datasets\raw_bin\quad1\empty\empty_20260614_100158.bin,1,empty,empty,empty,True
42,82,C:\Users\Brazza\Documents\UFOP\TCC\Algoritmos\Tools\datasets\raw_bin\quad1\movement\movement_20260614_095605.bin,quad1,movement_20260614_095605.bin,C:\Users\Brazza\Documents\UFOP\TCC\Algoritmos\Tools\datasets\raw_bin\quad1\movement\movement_20260614_095605.bin,0,movement,presence,presence,True
43,240,C:\Users\Brazza\Documents\UFOP\TCC\Algoritmos\Tools\datasets\raw_bin\quad2\movement\movement_20260614_100949.bin,quad2,movement_20260614_100949.bin,C:\Users\Brazza\Documents\UFOP\TCC\Algoritmos\Tools\datasets\raw_bin\quad2\movement\movement_20260614_100949.bin,0,movement,presence,presence,True
44,715,C:\Users\Brazza\Documents\UFOP\TCC\Algoritmos\Tools\datasets\raw_bin\quad5\movement\movement_20260614_123604.bin,quad5,movement_20260614_123604.bin,C:\Users\Brazza\Documents\UFOP\TCC\Algoritmos\Tools\datasets\raw_bin\quad5\movement\movement_20260614_123604.bin,3,movement,presence,presence,True
45,397,C:\Users\Brazza\Documents\UFOP\TCC\Algoritmos\Tools\datasets\raw_bin\quad3\movement\movement_20260614_125326.bin,quad3,movement_20260614_125326.bin,C:\Users\Brazza\Documents\UFOP\TCC\Algoritmos\Tools\datasets\raw_bin\quad3\movement\movement_20260614_125326.bin,1,movement,presence,presence,True
46,258,C:\Users\Brazza\Documents\UFOP\TCC\Algoritmos\Tools\datasets\raw_bin\quad2\movement\movement_20260614_101343.bin,quad2,movement_20260614_101343.bin,C:\Users\Brazza\Documents\UFOP\TCC\Algoritmos\Tools\datasets\raw_bin\quad2\movement\movement_20260614_101343.bin,0,movement,presence,presence,True
47,167,C:\Users\Brazza\Documents\UFOP\TCC\Algoritmos\Tools\datasets\raw_bin\quad2\empty\empty_20260614_102213.bin,quad2,empty_20260614_102213.bin,C:\Users\Brazza\Documents\UFOP\TCC\Algoritmos\Tools\datasets\raw_bin\quad2\empty\empty_20260614_102213.bin,1,empty,empty,empty,True
48,208,C:\Users\Brazza\Documents\UFOP\TCC\Algoritmos\Tools\datasets\raw_bin\quad2\empty\empty_20260614_102757.bin,quad2,empty_20260614_102757.bin,C:\Users\Brazza\Documents\UFOP\TCC\Algoritmos\Tools\datasets\raw_bin\quad2\empty\empty_20260614_102757.bin,1,empty,empty,presence,False
49,714,C:\Users\Brazza\Documents\UFOP\TCC\Algoritmos\Tools\datasets\raw_bin\quad5\movement\movement_20260614_123604.bin,quad5,movement_20260614_123604.bin,C:\Users\Brazza\Documents\UFOP\TCC\Algoritmos\Tools\datasets\raw_bin\quad5\movement\movement_20260614_123604.bin,2,movement,presence,presence,True
50,281,C:\Users\Brazza\Documents\UFOP\TCC\Algoritmos\Tools\datasets\raw_bin\quad2\movement\movement_20260614_101835.bin,quad2,movement_20260614_101835.bin,C:\Users\Brazza\Documents\UFOP\TCC\Algoritmos\Tools\datasets\raw_bin\quad2\movement\movement_20260614_101835.bin,1,movement,presence,presence,True
51,316,C:\Users\Brazza\Documents\UFOP\TCC\Algoritmos\Tools\datasets\raw_bin\quad2\static_presence\static_presence_20260614_101457.bin,quad2,static_presence_20260614_101457.bin,C:\Users\Brazza\Documents\UFOP\TCC\Algoritmos\Tools\datasets\raw_bin\quad2\static_presence\static_presence_20260614_101457.bin,1,static_presence,presence,presence,True
52,312,C:\Users\Brazza\Documents\UFOP\TCC\Algoritmos\Tools\datasets\raw_bin\quad2\static_presence\static_presence_20260614_101445.bin,quad2,static_presence_20260614_101445.bin,C:\Users\Brazza\Documents\UFOP\TCC\Algoritmos\Tools\datasets\raw_bin\quad2\static_presence\static_presence_20260614_101445.bin,1,static_presence,presence,presence,True
53,12,C:\Users\Brazza\Documents\UFOP\TCC\Algoritmos\Tools\datasets\raw_bin\quad1\empty\empty_20260614_100158.bin,quad1,empty_20260614_100158.bin,C:\Users\Brazza\Documents\UFOP\TCC\Algoritmos\Tools\datasets\raw_bin\quad1\empty\empty_20260614_100158.bin,0,empty,empty,empty,True
54,117,C:\Users\Brazza\Documents\UFOP\TCC\Algoritmos\Tools\datasets\raw_bin\quad1\static_presence\static_presence_20260614_094213.bin,quad1,static_presence_20260614_094213.bin,C:\Users\Brazza\Documents\UFOP\TCC\Algoritmos\Tools\datasets\raw_bin\quad1\static_presence\static_presence_20260614_094213.bin,0,static_presence,presence,presence,True
55,757,C:\Users\Brazza\Documents\UFOP\TCC\Algoritmos\Tools\datasets\raw_bin\quad5\static_presence\static_presence_20260614_123206.bin,quad5,static_presence_20260614_123206.bin,C:\Users\Brazza\Documents\UFOP\TCC\Algoritmos\Tools\datasets\raw_bin\quad5\static_presence\static_presence_20260614_123206.bin,0,static_presence,presence,empty,False
56,769,C:\Users\Brazza\Documents\UFOP\TCC\Algoritmos\Tools\datasets\raw_bin\quad5\static_presence\static_presence_20260614_123242.bin,quad5,static_presence_20260614_123242.bin,C:\Users\Brazza\Documents\UFOP\TCC\Algoritmos\Tools\datasets\raw_bin\quad5\static_presence\static_presence_20260614_123242.bin,2,static_presence,presence,presence,True
57,191,C:\Users\Brazza\Documents\UFOP\TCC\Algoritmos\Tools\datasets\raw_bin\quad2\empty\empty_20260614_102603.bin,quad2,empty_20260614_102603.bin,C:\Users\Brazza\Documents\UFOP\TCC\Algoritmos\Tools\datasets\raw_bin\quad2\empty\empty_20260614_102603.bin,1,empty,empty,presence,False
58,93,C:\Users\Brazza\Documents\UFOP\TCC\Algoritmos\Tools\datasets\raw_bin\quad1\movement\movement_20260614_095643.bin,quad1,movement_20260614_095643.bin,C:\Users\Brazza\Documents\UFOP\TCC\Algoritmos\Tools\datasets\raw_bin\quad1\movement\movement_20260614_095643.bin,1,movement,presence,presence,True
59,337,C:\Users\Brazza\Documents\UFOP\TCC\Algoritmos\Tools\datasets\raw_bin\quad2\static_presence\static_presence_20260614_101856.bin,quad2,static_presence_20260614_101856.bin,C:\Users\Brazza\Documents\UFOP\TCC\Algoritmos\Tools\datasets\raw_bin\quad2\static_presence\static_presence_20260614_101856.bin,3,static_presence,presence,presence,True
60,490,C:\Users\Brazza\Documents\UFOP\TCC\Algoritmos\Tools\datasets\raw_bin\quad3\static_presence\static_presence_20260614_125648.bin,quad3,static_presence_20260614_125648.bin,C:\Users\Brazza\Documents\UFOP\TCC\Algoritmos\Tools\datasets\raw_bin\quad3\static_presence\static_presence_20260614_125648.bin,0,static_presence,presence,presence,True
61,441,C:\Users\Brazza\Documents\UFOP\TCC\Algoritmos\Tools\datasets\raw_bin\quad3\movement\movement_20260614_125921.bin,quad3,movement_20260614_125921.bin,C:\Users\Brazza\Documents\UFOP\TCC\Algoritmos\Tools\datasets\raw_bin\quad3\movement\movement_20260614_125921.bin,3,movement,presence,presence,True
62,439,C:\Users\Brazza\Documents\UFOP\TCC\Algoritmos\Tools\datasets\raw_bin\quad3\movement\movement_20260614_125921.bin,quad3,movement_20260614_125921.bin,C:\Users\Brazza\Documents\UFOP\TCC\Algoritmos\Tools\datasets\raw_bin\quad3\movement\movement_20260614_125921.bin,1,movement,presence,presence,True
63,190,C:\Users\Brazza\Documents\UFOP\TCC\Algoritmos\Tools\datasets\raw_bin\quad2\empty\empty_20260614_102603.bin,quad2,empty_20260614_102603.bin,C:\Users\Brazza\Documents\UFOP\TCC\Algoritmos\Tools\datasets\raw_bin\quad2\empty\empty_20260614_102603.bin,0,empty,empty,presence,False
64,518,C:\Users\Brazza\Documents\UFOP\TCC\Algoritmos\Tools\datasets\raw_bin\quad4\movement\movement_20260614_124159.bin,quad4,movement_20260614_124159.bin,C:\Users\Brazza\Documents\UFOP\TCC\Algoritmos\Tools\datasets\raw_bin\quad4\movement\movement_20260614_124159.bin,0,movement,presence,presence,True
65,517,C:\Users\Brazza\Documents\UFOP\TCC\Algoritmos\Tools\datasets\raw_bin\quad4\movement\movement_20260614_124148.bin,quad4,movement_20260614_124148.bin,C:\Users\Brazza\Documents\UFOP\TCC\Algoritmos\Tools\datasets\raw_bin\quad4\movement\movement_20260614_124148.bin,1,movement,presence,presence,True
66,519,C:\Users\Brazza\Documents\UFOP\TCC\Algoritmos\Tools\datasets\raw_bin\quad4\movement\movement_20260614_124159.bin,quad4,movement_20260614_124159.bin,C:\Users\Brazza\Documents\UFOP\TCC\Algoritmos\Tools\datasets\raw_bin\quad4\movement\movement_20260614_124159.bin,1,movement,presence,presence,True
67,509,C:\Users\Brazza\Documents\UFOP\TCC\Algoritmos\Tools\datasets\raw_bin\quad4\movement\movement_20260614_124105.bin,quad4,movement_20260614_124105.bin,C:\Users\Brazza\Documents\UFOP\TCC\Algoritmos\Tools\datasets\raw_bin\quad4\movement\movement_20260614_124105.bin,1,movement,presence,presence,True
68,83,C:\Users\Brazza\Documents\UFOP\TCC\Algoritmos\Tools\datasets\raw_bin\quad1\movement\movement_20260614_095605.bin,quad1,movement_20260614_095605.bin,C:\Users\Brazza\Documents\UFOP\TCC\Algoritmos\Tools\datasets\raw_bin\quad1\movement\movement_20260614_095605.bin,1,movement,presence,presence,True
69,199,C:\Users\Brazza\Documents\UFOP\TCC\Algoritmos\Tools\datasets\raw_bin\quad2\empty\empty_20260614_102704.bin,quad2,empty_20260614_102704.bin,C:\Users\Brazza\Documents\UFOP\TCC\Algoritmos\Tools\datasets\raw_bin\quad2\empty\empty_20260614_102704.bin,2,empty,empty,empty,True
70,335,C:\Users\Brazza\Documents\UFOP\TCC\Algoritmos\Tools\datasets\raw_bin\quad2\static_presence\static_presence_20260614_101856.bin,quad2,static_presence_20260614_101856.bin,C:\Users\Brazza\Documents\UFOP\TCC\Algoritmos\Tools\datasets\raw_bin\quad2\static_presence\static_presence_20260614_101856.bin,1,static_presence,presence,presence,True
71,615,C:\Users\Brazza\Documents\UFOP\TCC\Algoritmos\Tools\datasets\raw_bin\quad4\static_presence\static_presence_20260614_124521.bin,quad4,static_presence_20260614_124521.bin,C:\Users\Brazza\Documents\UFOP\TCC\Algoritmos\Tools\datasets\raw_bin\quad4\static_presence\static_presence_20260614_124521.bin,3,static_presence,presence,presence,True
72,422,C:\Users\Brazza\Documents\UFOP\TCC\Algoritmos\Tools\datasets\raw_bin\quad3\movement\movement_20260614_125725.bin,quad3,movement_20260614_125725.bin,C:\Users\Brazza\Documents\UFOP\TCC\Algoritmos\Tools\datasets\raw_bin\quad3\movement\movement_20260614_125725.bin,1,movement,presence,presence,True
73,613,C:\Users\Brazza\Documents\UFOP\TCC\Algoritmos\Tools\datasets\raw_bin\quad4\static_presence\static_presence_20260614_124521.bin,quad4,static_presence_20260614_124521.bin,C:\Users\Brazza\Documents\UFOP\TCC\Algoritmos\Tools\datasets\raw_bin\quad4\static_presence\static_presence_20260614_124521.bin,1,static_presence,presence,presence,True
74,243,C:\Users\Brazza\Documents\UFOP\TCC\Algoritmos\Tools\datasets\raw_bin\quad2\movement\movement_20260614_100949.bin,quad2,movement_20260614_100949.bin,C:\Users\Brazza\Documents\UFOP\TCC\Algoritmos\Tools\datasets\raw_bin\quad2\movement\movement_20260614_100949.bin,3,movement,presence,presence,True
75,560,C:\Users\Brazza\Documents\UFOP\TCC\Algoritmos\Tools\datasets\raw_bin\quad4\movement\movement_20260614_124854.bin,quad4,movement_20260614_124854.bin,C:\Users\Brazza\Documents\UFOP\TCC\Algoritmos\Tools\datasets\raw_bin\quad4\movement\movement_20260614_124854.bin,2,movement,presence,presence,True
76,129,C:\Users\Brazza\Documents\UFOP\TCC\Algoritmos\Tools\datasets\raw_bin\quad1\static_presence\static_presence_20260614_094444.bin,quad1,static_presence_20260614_094444.bin,C:\Users\Brazza\Documents\UFOP\TCC\Algoritmos\Tools\datasets\raw_bin\quad1\static_presence\static_presence_20260614_094444.bin,2,static_presence,presence,presence,True
77,712,C:\Users\Brazza\Documents\UFOP\TCC\Algoritmos\Tools\datasets\raw_bin\quad5\movement\movement_20260614_123604.bin,quad5,movement_20260614_123604.bin,C:\Users\Brazza\Documents\UFOP\TCC\Algoritmos\Tools\datasets\raw_bin\quad5\movement\movement_20260614_123604.bin,0,movement,presence,presence,True
78,36,C:\Users\Brazza\Documents\UFOP\TCC\Algoritmos\Tools\datasets\raw_bin\quad1\empty\empty_20260614_100532.bin,quad1,empty_20260614_100532.bin,C:\Users\Brazza\Documents\UFOP\TCC\Algoritmos\Tools\datasets\raw_bin\quad1\empty\empty_20260614_100532.bin,1,empty,empty,empty,True
79,94,C:\Users\Brazza\Documents\UFOP\TCC\Algoritmos\Tools\datasets\raw_bin\quad1\movement\movement_20260614_095643.bin,quad1,movement_20260614_095643.bin,C:\Users\Brazza\Documents\UFOP\TCC\Algoritmos\Tools\datasets\raw_bin\quad1\movement\movement_20260614_095643.bin,2,movement,presence,presence,True
80,753,C:\Users\Brazza\Documents\UFOP\TCC\Algoritmos\Tools\datasets\raw_bin\quad5\static_presence\static_presence_20260614_123154.bin,quad5,static_presence_20260614_123154.bin,C:\Users\Brazza\Documents\UFOP\TCC\Algoritmos\Tools\datasets\raw_bin\quad5\static_presence\static_presence_20260614_123154.bin,0,static_presence,presence,presence,True
81,767,C:\Users\Brazza\Documents\UFOP\TCC\Algoritmos\Tools\datasets\raw_bin\quad5\static_presence\static_presence_20260614_123242.bin,quad5,static_presence_20260614_123242.bin,C:\Users\Brazza\Documents\UFOP\TCC\Algoritmos\Tools\datasets\raw_bin\quad5\static_presence\static_presence_20260614_123242.bin,0,static_presence,presence,presence,True
82,478,C:\Users\Brazza\Documents\UFOP\TCC\Algoritmos\Tools\datasets\raw_bin\quad3\static_presence\static_presence_20260614_125547.bin,quad3,static_presence_20260614_125547.bin,C:\Users\Brazza\Documents\UFOP\TCC\Algoritmos\Tools\datasets\raw_bin\quad3\static_presence\static_presence_20260614_125547.bin,3,static_presence,presence,presence,True
83,334,C:\Users\Brazza\Documents\UFOP\TCC\Algoritmos\Tools\datasets\raw_bin\quad2\static_presence\static_presence_20260614_101856.bin,quad2,static_presence_20260614_101856.bin,C:\Users\Brazza\Documents\UFOP\TCC\Algoritmos\Tools\datasets\raw_bin\quad2\static_presence\static_presence_20260614_101856.bin,0,static_presence,presence,presence,True
84,137,C:\Users\Brazza\Documents\UFOP\TCC\Algoritmos\Tools\datasets\raw_bin\quad1\static_presence\static_presence_20260614_095411.bin,quad1,static_presence_20260614_095411.bin,C:\Users\Brazza\Documents\UFOP\TCC\Algoritmos\Tools\datasets\raw_bin\quad1\static_presence\static_presence_20260614_095411.bin,2,static_presence,presence,presence,True
85,516,C:\Users\Brazza\Documents\UFOP\TCC\Algoritmos\Tools\datasets\raw_bin\quad4\movement\movement_20260614_124148.bin,quad4,movement_20260614_124148.bin,C:\Users\Brazza\Documents\UFOP\TCC\Algoritmos\Tools\datasets\raw_bin\quad4\movement\movement_20260614_124148.bin,0,movement,presence,presence,True
86,449,C:\Users\Brazza\Documents\UFOP\TCC\Algoritmos\Tools\datasets\raw_bin\quad3\static_presence\static_presence_20260614_125045.bin,quad3,static_presence_20260614_125045.bin,C:\Users\Brazza\Documents\UFOP\TCC\Algoritmos\Tools\datasets\raw_bin\quad3\static_presence\static_presence_20260614_125045.bin,0,static_presence,presence,presence,True
87,149,C:\Users\Brazza\Documents\UFOP\TCC\Algoritmos\Tools\datasets\raw_bin\quad1\static_presence\static_presence_20260614_095527.bin,quad1,static_presence_20260614_095527.bin,C:\Users\Brazza\Documents\UFOP\TCC\Algoritmos\Tools\datasets\raw_bin\quad1\static_presence\static_presence_20260614_095527.bin,3,static_presence,presence,presence,True
88,168,C:\Users\Brazza\Documents\UFOP\TCC\Algoritmos\Tools\datasets\raw_bin\quad2\empty\empty_20260614_102213.bin,quad2,empty_20260614_102213.bin,C:\Users\Brazza\Documents\UFOP\TCC\Algoritmos\Tools\datasets\raw_bin\quad2\empty\empty_20260614_102213.bin,2,empty,empty,presence,False
89,311,C:\Users\Brazza\Documents\UFOP\TCC\Algoritmos\Tools\datasets\raw_bin\quad2\static_presence\static_presence_20260614_101445.bin,quad2,static_presence_20260614_101445.bin,C:\Users\Brazza\Documents\UFOP\TCC\Algoritmos\Tools\datasets\raw_bin\quad2\static_presence\static_presence_20260614_101445.bin,0,static_presence,presence,presence,True
90,375,C:\Users\Brazza\Documents\UFOP\TCC\Algoritmos\Tools\datasets\raw_bin\quad3\empty\empty_20260614_130354.bin,quad3,empty_20260614_130354.bin,C:\Users\Brazza\Documents\UFOP\TCC\Algoritmos\Tools\datasets\raw_bin\quad3\empty\empty_20260614_130354.bin,2,empty,empty,empty,True
91,287,C:\Users\Brazza\Documents\UFOP\TCC\Algoritmos\Tools\datasets\raw_bin\quad2\static_presence\static_presence_20260614_101037.bin,quad2,static_presence_20260614_101037.bin,C:\Users\Brazza\Documents\UFOP\TCC\Algoritmos\Tools\datasets\raw_bin\quad2\static_presence\static_presence_20260614_101037.bin,1,static_presence,presence,empty,False
92,421,C:\Users\Brazza\Documents\UFOP\TCC\Algoritmos\Tools\datasets\raw_bin\quad3\movement\movement_20260614_125725.bin,quad3,movement_20260614_125725.bin,C:\Users\Brazza\Documents\UFOP\TCC\Algoritmos\Tools\datasets\raw_bin\quad3\movement\movement_20260614_125725.bin,0,movement,presence,presence,True
93,177,C:\Users\Brazza\Documents\UFOP\TCC\Algoritmos\Tools\datasets\raw_bin\quad2\empty\empty_20260614_102355.bin,quad2,empty_20260614_102355.bin,C:\Users\Brazza\Documents\UFOP\TCC\Algoritmos\Tools\datasets\raw_bin\quad2\empty\empty_20260614_102355.bin,1,empty,empty,presence,False
94,15,C:\Users\Brazza\Documents\UFOP\TCC\Algoritmos\Tools\datasets\raw_bin\quad1\empty\empty_20260614_100158.bin,quad1,empty_20260614_100158.bin,C:\Users\Brazza\Documents\UFOP\TCC\Algoritmos\Tools\datasets\raw_bin\quad1\empty\empty_20260614_100158.bin,3,empty,empty,empty,True
95,35,C:\Users\Brazza\Documents\UFOP\TCC\Algoritmos\Tools\datasets\raw_bin\quad1\empty\empty_20260614_100532.bin,quad1,empty_20260614_100532.bin,C:\Users\Brazza\Documents\UFOP\TCC\Algoritmos\Tools\datasets\raw_bin\quad1\empty\empty_20260614_100532.bin,0,empty,empty,empty,True
96,440,C:\Users\Brazza\Documents\UFOP\TCC\Algoritmos\Tools\datasets\raw_bin\quad3\movement\movement_20260614_125921.bin,quad3,movement_20260614_125921.bin,C:\Users\Brazza\Documents\UFOP\TCC\Algoritmos\Tools\datasets\raw_bin\quad3\movement\movement_20260614_125921.bin,2,movement,presence,presence,True
97,451,C:\Users\Brazza\Documents\UFOP\TCC\Algoritmos\Tools\datasets\raw_bin\quad3\static_presence\static_presence_20260614_125045.bin,quad3,static_presence_20260614_125045.bin,C:\Users\Brazza\Documents\UFOP\TCC\Algoritmos\Tools\datasets\raw_bin\quad3\static_presence\static_presence_20260614_125045.bin,2,static_presence,presence,presence,True
98,207,C:\Users\Brazza\Documents\UFOP\TCC\Algoritmos\Tools\datasets\raw_bin\quad2\empty\empty_20260614_102757.bin,quad2,empty_20260614_102757.bin,C:\Users\Brazza\Documents\UFOP\TCC\Algoritmos\Tools\datasets\raw_bin\quad2\empty\empty_20260614_102757.bin,0,empty,empty,presence,False
99,259,C:\Users\Brazza\Documents\UFOP\TCC\Algoritmos\Tools\datasets\raw_bin\quad2\movement\movement_20260614_101343.bin,quad2,movement_20260614_101343.bin,C:\Users\Brazza\Documents\UFOP\TCC\Algoritmos\Tools\datasets\raw_bin\quad2\movement\movement_20260614_101343.bin,1,movement,presence,presence,True
100,37,C:\Users\Brazza\Documents\UFOP\TCC\Algoritmos\Tools\datasets\raw_bin\quad1\empty\empty_20260614_100532.bin,quad1,empty_20260614_100532.bin,C:\Users\Brazza\Documents\UFOP\TCC\Algoritmos\Tools\datasets\raw_bin\quad1\empty\empty_20260614_100532.bin,2,empty,empty,presence,False
101,286,C:\Users\Brazza\Documents\UFOP\TCC\Algoritmos\Tools\datasets\raw_bin\quad2\static_presence\static_presence_20260614_101037.bin,quad2,static_presence_20260614_101037.bin,C:\Users\Brazza\Documents\UFOP\TCC\Algoritmos\Tools\datasets\raw_bin\quad2\static_presence\static_presence_20260614_101037.bin,0,static_presence,presence,presence,True
102,197,C:\Users\Brazza\Documents\UFOP\TCC\Algoritmos\Tools\datasets\raw_bin\quad2\empty\empty_20260614_102704.bin,quad2,empty_20260614_102704.bin,C:\Users\Brazza\Documents\UFOP\TCC\Algoritmos\Tools\datasets\raw_bin\quad2\empty\empty_20260614_102704.bin,0,empty,empty,presence,False
103,523,C:\Users\Brazza\Documents\UFOP\TCC\Algoritmos\Tools\datasets\raw_bin\quad4\movement\movement_20260614_124235.bin,quad4,movement_20260614_124235.bin,C:\Users\Brazza\Documents\UFOP\TCC\Algoritmos\Tools\datasets\raw_bin\quad4\movement\movement_20260614_124235.bin,1,movement,presence,presence,True
104,148,C:\Users\Brazza\Documents\UFOP\TCC\Algoritmos\Tools\datasets\raw_bin\quad1\static_presence\static_presence_20260614_095527.bin,quad1,static_presence_20260614_095527.bin,C:\Users\Brazza\Documents\UFOP\TCC\Algoritmos\Tools\datasets\raw_bin\quad1\static_presence\static_presence_20260614_095527.bin,2,static_presence,presence,presence,True
105,373,C:\Users\Brazza\Documents\UFOP\TCC\Algoritmos\Tools\datasets\raw_bin\quad3\empty\empty_20260614_130354.bin,quad3,empty_20260614_130354.bin,C:\Users\Brazza\Documents\UFOP\TCC\Algoritmos\Tools\datasets\raw_bin\quad3\empty\empty_20260614_130354.bin,0,empty,empty,empty,True
106,450,C:\Users\Brazza\Documents\UFOP\TCC\Algoritmos\Tools\datasets\raw_bin\quad3\static_presence\static_presence_20260614_125045.bin,quad3,static_presence_20260614_125045.bin,C:\Users\Brazza\Documents\UFOP\TCC\Algoritmos\Tools\datasets\raw_bin\quad3\static_presence\static_presence_20260614_125045.bin,1,static_presence,presence,presence,True
107,127,C:\Users\Brazza\Documents\UFOP\TCC\Algoritmos\Tools\datasets\raw_bin\quad1\static_presence\static_presence_20260614_094444.bin,quad1,static_presence_20260614_094444.bin,C:\Users\Brazza\Documents\UFOP\TCC\Algoritmos\Tools\datasets\raw_bin\quad1\static_presence\static_presence_20260614_094444.bin,0,static_presence,presence,presence,True
108,508,C:\Users\Brazza\Documents\UFOP\TCC\Algoritmos\Tools\datasets\raw_bin\quad4\movement\movement_20260614_124105.bin,quad4,movement_20260614_124105.bin,C:\Users\Brazza\Documents\UFOP\TCC\Algoritmos\Tools\datasets\raw_bin\quad4\movement\movement_20260614_124105.bin,0,movement,presence,presence,True
109,675,C:\Users\Brazza\Documents\UFOP\TCC\Algoritmos\Tools\datasets\raw_bin\quad5\movement\movement_20260614_123018.bin,quad5,movement_20260614_123018.bin,C:\Users\Brazza\Documents\UFOP\TCC\Algoritmos\Tools\datasets\raw_bin\quad5\movement\movement_20260614_123018.bin,0,movement,presence,presence,True
110,120,C:\Users\Brazza\Documents\UFOP\TCC\Algoritmos\Tools\datasets\raw_bin\quad1\static_presence\static_presence_20260614_094213.bin,quad1,static_presence_20260614_094213.bin,C:\Users\Brazza\Documents\UFOP\TCC\Algoritmos\Tools\datasets\raw_bin\quad1\static_presence\static_presence_20260614_094213.bin,3,static_presence,presence,presence,True
111,138,C:\Users\Brazza\Documents\UFOP\TCC\Algoritmos\Tools\datasets\raw_bin\quad1\static_presence\static_presence_20260614_095411.bin,quad1,static_presence_20260614_095411.bin,C:\Users\Brazza\Documents\UFOP\TCC\Algoritmos\Tools\datasets\raw_bin\quad1\static_presence\static_presence_20260614_095411.bin,3,static_presence,presence,presence,True
112,241,C:\Users\Brazza\Documents\UFOP\TCC\Algoritmos\Tools\datasets\raw_bin\quad2\movement\movement_20260614_100949.bin,quad2,movement_20260614_100949.bin,C:\Users\Brazza\Documents\UFOP\TCC\Algoritmos\Tools\datasets\raw_bin\quad2\movement\movement_20260614_100949.bin,1,movement,presence,presence,True
113,756,C:\Users\Brazza\Documents\UFOP\TCC\Algoritmos\Tools\datasets\raw_bin\quad5\static_presence\static_presence_20260614_123154.bin,quad5,static_presence_20260614_123154.bin,C:\Users\Brazza\Documents\UFOP\TCC\Algoritmos\Tools\datasets\raw_bin\quad5\static_presence\static_presence_20260614_123154.bin,3,static_presence,presence,presence,True
114,14,C:\Users\Brazza\Documents\UFOP\TCC\Algoritmos\Tools\datasets\raw_bin\quad1\empty\empty_20260614_100158.bin,quad1,empty_20260614_100158.bin,C:\Users\Brazza\Documents\UFOP\TCC\Algoritmos\Tools\datasets\raw_bin\quad1\empty\empty_20260614_100158.bin,2,empty,empty,empty,True
115,704,C:\Users\Brazza\Documents\UFOP\TCC\Algoritmos\Tools\datasets\raw_bin\quad5\movement\movement_20260614_123542.bin,quad5,movement_20260614_123542.bin,C:\Users\Brazza\Documents\UFOP\TCC\Algoritmos\Tools\datasets\raw_bin\quad5\movement\movement_20260614_123542.bin,0,movement,presence,presence,True
116,754,C:\Users\Brazza\Documents\UFOP\TCC\Algoritmos\Tools\datasets\raw_bin\quad5\static_presence\static_presence_20260614_123154.bin,quad5,static_presence_20260614_123154.bin,C:\Users\Brazza\Documents\UFOP\TCC\Algoritmos\Tools\datasets\raw_bin\quad5\static_presence\static_presence_20260614_123154.bin,1,static_presence,presence,presence,True
117,318,C:\Users\Brazza\Documents\UFOP\TCC\Algoritmos\Tools\datasets\raw_bin\quad2\static_presence\static_presence_20260614_101457.bin,quad2,static_presence_20260614_101457.bin,C:\Users\Brazza\Documents\UFOP\TCC\Algoritmos\Tools\datasets\raw_bin\quad2\static_presence\static_presence_20260614_101457.bin,3,static_presence,presence,presence,True
118,705,C:\Users\Brazza\Documents\UFOP\TCC\Algoritmos\Tools\datasets\raw_bin\quad5\movement\movement_20260614_123542.bin,quad5,movement_20260614_123542.bin,C:\Users\Brazza\Documents\UFOP\TCC\Algoritmos\Tools\datasets\raw_bin\quad5\movement\movement_20260614_123542.bin,1,movement,presence,presence,True
119,691,C:\Users\Brazza\Documents\UFOP\TCC\Algoritmos\Tools\datasets\raw_bin\quad5\movement\movement_20260614_123130.bin,quad5,movement_20260614_123130.bin,C:\Users\Brazza\Documents\UFOP\TCC\Algoritmos\Tools\datasets\raw_bin\quad5\movement\movement_20260614_123130.bin,1,movement,presence,presence,True
120,520,C:\Users\Brazza\Documents\UFOP\TCC\Algoritmos\Tools\datasets\raw_bin\quad4\movement\movement_20260614_124159.bin,quad4,movement_20260614_124159.bin,C:\Users\Brazza\Documents\UFOP\TCC\Algoritmos\Tools\datasets\raw_bin\quad4\movement\movement_20260614_124159.bin,2,movement,presence,presence,True
121,423,C:\Users\Brazza\Documents\UFOP\TCC\Algoritmos\Tools\datasets\raw_bin\quad3\movement\movement_20260614_125725.bin,quad3,movement_20260614_125725.bin,C:\Users\Brazza\Documents\UFOP\TCC\Algoritmos\Tools\datasets\raw_bin\quad3\movement\movement_20260614_125725.bin,2,movement,presence,presence,True
122,492,C:\Users\Brazza\Documents\UFOP\TCC\Algoritmos\Tools\datasets\raw_bin\quad3\static_presence\static_presence_20260614_125648.bin,quad3,static_presence_20260614_125648.bin,C:\Users\Brazza\Documents\UFOP\TCC\Algoritmos\Tools\datasets\raw_bin\quad3\static_presence\static_presence_20260614_125648.bin,2,static_presence,presence,presence,True
123,30,C:\Users\Brazza\Documents\UFOP\TCC\Algoritmos\Tools\datasets\raw_bin\quad1\empty\empty_20260614_100429.bin,quad1,empty_20260614_100429.bin,C:\Users\Brazza\Documents\UFOP\TCC\Algoritmos\Tools\datasets\raw_bin\quad1\empty\empty_20260614_100429.bin,1,empty,empty,empty,True
124,118,C:\Users\Brazza\Documents\UFOP\TCC\Algoritmos\Tools\datasets\raw_bin\quad1\static_presence\static_presence_20260614_094213.bin,quad1,static_presence_20260614_094213.bin,C:\Users\Brazza\Documents\UFOP\TCC\Algoritmos\Tools\datasets\raw_bin\quad1\static_presence\static_presence_20260614_094213.bin,1,static_presence,presence,presence,True
125,612,C:\Users\Brazza\Documents\UFOP\TCC\Algoritmos\Tools\datasets\raw_bin\quad4\static_presence\static_presence_20260614_124521.bin,quad4,static_presence_20260614_124521.bin,C:\Users\Brazza\Documents\UFOP\TCC\Algoritmos\Tools\datasets\raw_bin\quad4\static_presence\static_presence_20260614_124521.bin,0,static_presence,presence,presence,True
126,166,C:\Users\Brazza\Documents\UFOP\TCC\Algoritmos\Tools\datasets\raw_bin\quad2\empty\empty_20260614_102213.bin,quad2,empty_20260614_102213.bin,C:\Users\Brazza\Documents\UFOP\TCC\Algoritmos\Tools\datasets\raw_bin\quad2\empty\empty_20260614_102213.bin,0,empty,empty,presence,False
127,558,C:\Users\Brazza\Documents\UFOP\TCC\Algoritmos\Tools\datasets\raw_bin\quad4\movement\movement_20260614_124854.bin,quad4,movement_20260614_124854.bin,C:\Users\Brazza\Documents\UFOP\TCC\Algoritmos\Tools\datasets\raw_bin\quad4\movement\movement_20260614_124854.bin,0,movement,presence,presence,True
128,336,C:\Users\Brazza\Documents\UFOP\TCC\Algoritmos\Tools\datasets\raw_bin\quad2\static_presence\static_presence_20260614_101856.bin,quad2,static_presence_20260614_101856.bin,C:\Users\Brazza\Documents\UFOP\TCC\Algoritmos\Tools\datasets\raw_bin\quad2\static_presence\static_presence_20260614_101856.bin,2,static_presence,presence,presence,True
129,770,C:\Users\Brazza\Documents\UFOP\TCC\Algoritmos\Tools\datasets\raw_bin\quad5\static_presence\static_presence_20260614_123242.bin,quad5,static_presence_20260614_123242.bin,C:\Users\Brazza\Documents\UFOP\TCC\Algoritmos\Tools\datasets\raw_bin\quad5\static_presence\static_presence_20260614_123242.bin,3,static_presence,presence,presence,True
130,442,C:\Users\Brazza\Documents\UFOP\TCC\Algoritmos\Tools\datasets\raw_bin\quad3\movement\movement_20260614_125943.bin,quad3,movement_20260614_125943.bin,C:\Users\Brazza\Documents\UFOP\TCC\Algoritmos\Tools\datasets\raw_bin\quad3\movement\movement_20260614_125943.bin,0,movement,presence,presence,True
131,706,C:\Users\Brazza\Documents\UFOP\TCC\Algoritmos\Tools\datasets\raw_bin\quad5\movement\movement_20260614_123542.bin,quad5,movement_20260614_123542.bin,C:\Users\Brazza\Documents\UFOP\TCC\Algoritmos\Tools\datasets\raw_bin\quad5\movement\movement_20260614_123542.bin,2,movement,presence,presence,True
132,288,C:\Users\Brazza\Documents\UFOP\TCC\Algoritmos\Tools\datasets\raw_bin\quad2\static_presence\static_presence_20260614_101037.bin,quad2,static_presence_20260614_101037.bin,C:\Users\Brazza\Documents\UFOP\TCC\Algoritmos\Tools\datasets\raw_bin\quad2\static_presence\static_presence_20260614_101037.bin,2,static_presence,presence,empty,False
133,690,C:\Users\Brazza\Documents\UFOP\TCC\Algoritmos\Tools\datasets\raw_bin\quad5\movement\movement_20260614_123130.bin,quad5,movement_20260614_123130.bin,C:\Users\Brazza\Documents\UFOP\TCC\Algoritmos\Tools\datasets\raw_bin\quad5\movement\movement_20260614_123130.bin,0,movement,presence,presence,True
134,315,C:\Users\Brazza\Documents\UFOP\TCC\Algoritmos\Tools\datasets\raw_bin\quad2\static_presence\static_presence_20260614_101457.bin,quad2,static_presence_20260614_101457.bin,C:\Users\Brazza\Documents\UFOP\TCC\Algoritmos\Tools\datasets\raw_bin\quad2\static_presence\static_presence_20260614_101457.bin,0,static_presence,presence,presence,True
135,455,C:\Users\Brazza\Documents\UFOP\TCC\Algoritmos\Tools\datasets\raw_bin\quad3\static_presence\static_presence_20260614_125153.bin,quad3,static_presence_20260614_125153.bin,C:\Users\Brazza\Documents\UFOP\TCC\Algoritmos\Tools\datasets\raw_bin\quad3\static_presence\static_presence_20260614_125153.bin,0,static_presence,presence,empty,False
136,146,C:\Users\Brazza\Documents\UFOP\TCC\Algoritmos\Tools\datasets\raw_bin\quad1\static_presence\static_presence_20260614_095527.bin,quad1,static_presence_20260614_095527.bin,C:\Users\Brazza\Documents\UFOP\TCC\Algoritmos\Tools\datasets\raw_bin\quad1\static_presence\static_presence_20260614_095527.bin,0,static_presence,presence,presence,True
137,374,C:\Users\Brazza\Documents\UFOP\TCC\Algoritmos\Tools\datasets\raw_bin\quad3\empty\empty_20260614_130354.bin,quad3,empty_20260614_130354.bin,C:\Users\Brazza\Documents\UFOP\TCC\Algoritmos\Tools\datasets\raw_bin\quad3\empty\empty_20260614_130354.bin,1,empty,empty,empty,True
138,84,C:\Users\Brazza\Documents\UFOP\TCC\Algoritmos\Tools\datasets\raw_bin\quad1\movement\movement_20260614_095605.bin,quad1,movement_20260614_095605.bin,C:\Users\Brazza\Documents\UFOP\TCC\Algoritmos\Tools\datasets\raw_bin\quad1\movement\movement_20260614_095605.bin,2,movement,presence,presence,True
139,515,C:\Users\Brazza\Documents\UFOP\TCC\Algoritmos\Tools\datasets\raw_bin\quad4\movement\movement_20260614_124130.bin,quad4,movement_20260614_124130.bin,C:\Users\Brazza\Documents\UFOP\TCC\Algoritmos\Tools\datasets\raw_bin\quad4\movement\movement_20260614_124130.bin,0,movement,presence,presence,True
140,95,C:\Users\Brazza\Documents\UFOP\TCC\Algoritmos\Tools\datasets\raw_bin\quad1\movement\movement_20260614_095643.bin,quad1,movement_20260614_095643.bin,C:\Users\Brazza\Documents\UFOP\TCC\Algoritmos\Tools\datasets\raw_bin\quad1\movement\movement_20260614_095643.bin,3,movement,presence,presence,True
141,399,C:\Users\Brazza\Documents\UFOP\TCC\Algoritmos\Tools\datasets\raw_bin\quad3\movement\movement_20260614_125326.bin,quad3,movement_20260614_125326.bin,C:\Users\Brazza\Documents\UFOP\TCC\Algoritmos\Tools\datasets\raw_bin\quad3\movement\movement_20260614_125326.bin,3,movement,presence,presence,True
142,178,C:\Users\Brazza\Documents\UFOP\TCC\Algoritmos\Tools\datasets\raw_bin\quad2\empty\empty_20260614_102355.bin,quad2,empty_20260614_102355.bin,C:\Users\Brazza\Documents\UFOP\TCC\Algoritmos\Tools\datasets\raw_bin\quad2\empty\empty_20260614_102355.bin,2,empty,empty,presence,False
143,713,C:\Users\Brazza\Documents\UFOP\TCC\Algoritmos\Tools\datasets\raw_bin\quad5\movement\movement_20260614_123604.bin,quad5,movement_20260614_123604.bin,C:\Users\Brazza\Documents\UFOP\TCC\Algoritmos\Tools\datasets\raw_bin\quad5\movement\movement_20260614_123604.bin,1,movement,presence,presence,True
