seed,window_packets,step_packets,train_files,test_files,train_windows,test_windows,selected_subcarrier_count,selected_feature_count,model_name,family,top_k,top_k_sort,parameters_json,class_index,class,precision,recall,f1,support,roc_auc,average_precision
42,100,25,240,60,4023,1016,100,70,tree_depth6_top70,decision_tree,70,70,"{""class_weight"": ""balanced"", ""max_depth"": 6, ""min_samples_split"": 5}",0,empty,0.6384439359267735,0.8230088495575221,0.7190721649484536,339,0.8527056291203164,0.6222960655072954
42,100,25,240,60,4023,1016,100,70,tree_depth6_top70,decision_tree,70,70,"{""class_weight"": ""balanced"", ""max_depth"": 6, ""min_samples_split"": 5}",1,static_presence,0.6652892561983471,0.4749262536873156,0.5542168674698795,339,0.7647481732264937,0.6053125169236215
42,100,25,240,60,4023,1016,100,70,tree_depth6_top70,decision_tree,70,70,"{""class_weight"": ""balanced"", ""max_depth"": 6, ""min_samples_split"": 5}",2,movement,0.9287833827893175,0.9260355029585798,0.9274074074074075,338,0.9707000226911731,0.945255265575768
42,100,25,240,60,4023,1016,100,100,tree_depth6_top100,decision_tree,100,100,"{""class_weight"": ""balanced"", ""max_depth"": 6, ""min_samples_split"": 5}",0,empty,0.7320099255583127,0.8702064896755162,0.7951482479784366,339,0.88447645564546,0.7302543710824526
42,100,25,240,60,4023,1016,100,100,tree_depth6_top100,decision_tree,100,100,"{""class_weight"": ""balanced"", ""max_depth"": 6, ""min_samples_split"": 5}",1,static_presence,0.8022388059701493,0.6342182890855457,0.7084019769357496,339,0.8394901155976175,0.7081071737378516
42,100,25,240,60,4023,1016,100,100,tree_depth6_top100,decision_tree,100,100,"{""class_weight"": ""balanced"", ""max_depth"": 6, ""min_samples_split"": 5}",2,movement,0.9217391304347826,0.9408284023668639,0.931185944363104,338,0.9674119844303642,0.9589768389874048
42,100,25,240,60,4023,1016,100,126,tree_depth6_top126,decision_tree,126,126,"{""class_weight"": ""balanced"", ""max_depth"": 6, ""min_samples_split"": 5}",0,empty,0.7847769028871391,0.8820058997050148,0.8305555555555556,339,0.8831191749127463,0.7860870119223098
42,100,25,240,60,4023,1016,100,126,tree_depth6_top126,decision_tree,126,126,"{""class_weight"": ""balanced"", ""max_depth"": 6, ""min_samples_split"": 5}",1,static_presence,0.8350515463917526,0.7168141592920354,0.7714285714285715,339,0.882201975573304,0.8026543167408875
42,100,25,240,60,4023,1016,100,126,tree_depth6_top126,decision_tree,126,126,"{""class_weight"": ""balanced"", ""max_depth"": 6, ""min_samples_split"": 5}",2,movement,0.9302325581395349,0.9467455621301775,0.9384164222873901,338,0.9653872335969,0.9402546379462802
42,100,25,240,60,4023,1016,100,160,tree_depth6_top160,decision_tree,160,160,"{""class_weight"": ""balanced"", ""max_depth"": 6, ""min_samples_split"": 5}",0,empty,0.8236842105263158,0.9233038348082596,0.8706536856745479,339,0.9120447227269359,0.8081745299245018
42,100,25,240,60,4023,1016,100,160,tree_depth6_top160,decision_tree,160,160,"{""class_weight"": ""balanced"", ""max_depth"": 6, ""min_samples_split"": 5}",1,static_presence,0.8311688311688312,0.7551622418879056,0.7913446676970634,339,0.8657991398805245,0.7723821561695985
42,100,25,240,60,4023,1016,100,160,tree_depth6_top160,decision_tree,160,160,"{""class_weight"": ""balanced"", ""max_depth"": 6, ""min_samples_split"": 5}",2,movement,0.926829268292683,0.8994082840236687,0.9129129129129129,338,0.9475135710670088,0.9095247930685658
42,100,25,240,60,4023,1016,100,1100,tree_depth6_topall,decision_tree,all,1100,"{""class_weight"": ""balanced"", ""max_depth"": 6, ""min_samples_split"": 5}",0,empty,0.8031496062992126,0.9026548672566371,0.85,339,0.9319769240489232,0.8070275794333832
42,100,25,240,60,4023,1016,100,1100,tree_depth6_topall,decision_tree,all,1100,"{""class_weight"": ""balanced"", ""max_depth"": 6, ""min_samples_split"": 5}",1,static_presence,0.7817589576547231,0.7079646017699115,0.7430340557275542,339,0.8295991773528016,0.7684123690871998
42,100,25,240,60,4023,1016,100,1100,tree_depth6_topall,decision_tree,all,1100,"{""class_weight"": ""balanced"", ""max_depth"": 6, ""min_samples_split"": 5}",2,movement,0.9115853658536586,0.8846153846153846,0.8978978978978979,338,0.9570438637831422,0.9291752968273078
42,100,25,240,60,4023,1016,100,70,tree_depth8_top70,decision_tree,70,70,"{""class_weight"": ""balanced"", ""max_depth"": 8, ""min_samples_split"": 5}",0,empty,0.6395061728395062,0.7640117994100295,0.696236559139785,339,0.8299499352949633,0.5847810166640406
42,100,25,240,60,4023,1016,100,70,tree_depth8_top70,decision_tree,70,70,"{""class_weight"": ""balanced"", ""max_depth"": 8, ""min_samples_split"": 5}",1,static_presence,0.6254416961130742,0.5221238938053098,0.5691318327974276,339,0.7267944209879609,0.5790831276920297
42,100,25,240,60,4023,1016,100,70,tree_depth8_top70,decision_tree,70,70,"{""class_weight"": ""balanced"", ""max_depth"": 8, ""min_samples_split"": 5}",2,movement,0.9298780487804879,0.9023668639053254,0.9159159159159159,338,0.9488139498350526,0.8895159323601768
42,100,25,240,60,4023,1016,100,100,tree_depth8_top100,decision_tree,100,100,"{""class_weight"": ""balanced"", ""max_depth"": 8, ""min_samples_split"": 5}",0,empty,0.7571801566579635,0.855457227138643,0.8033240997229917,339,0.8527361298109393,0.70867887972672
42,100,25,240,60,4023,1016,100,100,tree_depth8_top100,decision_tree,100,100,"{""class_weight"": ""balanced"", ""max_depth"": 8, ""min_samples_split"": 5}",1,static_presence,0.7766666666666666,0.6873156342182891,0.729264475743349,339,0.8083554463340349,0.6503387799134066
42,100,25,240,60,4023,1016,100,100,tree_depth8_top100,decision_tree,100,100,"{""class_weight"": ""balanced"", ""max_depth"": 8, ""min_samples_split"": 5}",2,movement,0.93993993993994,0.9260355029585798,0.9329359165424739,338,0.9506619713393027,0.9324727338604949
42,100,25,240,60,4023,1016,100,126,tree_depth8_top126,decision_tree,126,126,"{""class_weight"": ""balanced"", ""max_depth"": 8, ""min_samples_split"": 5}",0,empty,0.8323699421965318,0.8495575221238938,0.8408759124087591,339,0.8723872890550449,0.7821986299345176
42,100,25,240,60,4023,1016,100,126,tree_depth8_top126,decision_tree,126,126,"{""class_weight"": ""balanced"", ""max_depth"": 8, ""min_samples_split"": 5}",1,static_presence,0.7689969604863222,0.7463126843657817,0.7574850299401198,339,0.8279499614384125,0.7194068948503191
42,100,25,240,60,4023,1016,100,126,tree_depth8_top126,decision_tree,126,126,"{""class_weight"": ""balanced"", ""max_depth"": 8, ""min_samples_split"": 5}",2,movement,0.9002932551319648,0.908284023668639,0.9042709867452136,338,0.9309402873051614,0.8673476166583157
42,100,25,240,60,4023,1016,100,160,tree_depth8_top160,decision_tree,160,160,"{""class_weight"": ""balanced"", ""max_depth"": 8, ""min_samples_split"": 5}",0,empty,0.8257372654155496,0.9085545722713865,0.8651685393258427,339,0.8888358757837588,0.7798753938641869
42,100,25,240,60,4023,1016,100,160,tree_depth8_top160,decision_tree,160,160,"{""class_weight"": ""balanced"", ""max_depth"": 8, ""min_samples_split"": 5}",1,static_presence,0.7912772585669782,0.7492625368731564,0.7696969696969697,339,0.8379389376173733,0.7273643197718946
42,100,25,240,60,4023,1016,100,160,tree_depth8_top160,decision_tree,160,160,"{""class_weight"": ""balanced"", ""max_depth"": 8, ""min_samples_split"": 5}",2,movement,0.9192546583850931,0.8757396449704142,0.896969696969697,338,0.9196165191740413,0.8590643932792216
42,100,25,240,60,4023,1016,100,1100,tree_depth8_topall,decision_tree,all,1100,"{""class_weight"": ""balanced"", ""max_depth"": 8, ""min_samples_split"": 5}",0,empty,0.8143236074270557,0.9056047197640118,0.8575418994413407,339,0.9137745476093995,0.7910202418287372
42,100,25,240,60,4023,1016,100,1100,tree_depth8_topall,decision_tree,all,1100,"{""class_weight"": ""balanced"", ""max_depth"": 8, ""min_samples_split"": 5}",1,static_presence,0.8231292517006803,0.7138643067846607,0.764612954186414,339,0.7962575652605848,0.7311476956076486
42,100,25,240,60,4023,1016,100,1100,tree_depth8_topall,decision_tree,all,1100,"{""class_weight"": ""balanced"", ""max_depth"": 8, ""min_samples_split"": 5}",2,movement,0.8898550724637682,0.908284023668639,0.8989751098096632,338,0.9345643294758339,0.8620573756693907
42,100,25,240,60,4023,1016,100,70,tree_depth10_top70,decision_tree,70,70,"{""class_weight"": ""balanced"", ""max_depth"": 10, ""min_samples_split"": 5}",0,empty,0.628361858190709,0.7581120943952803,0.6871657754010695,339,0.8008239543709668,0.5580198515128362
42,100,25,240,60,4023,1016,100,70,tree_depth10_top70,decision_tree,70,70,"{""class_weight"": ""balanced"", ""max_depth"": 10, ""min_samples_split"": 5}",1,static_presence,0.5950704225352113,0.49852507374631266,0.5425361155698234,339,0.7001106739345455,0.5344905571645742
42,100,25,240,60,4023,1016,100,70,tree_depth10_top70,decision_tree,70,70,"{""class_weight"": ""balanced"", ""max_depth"": 10, ""min_samples_split"": 5}",2,movement,0.9164086687306502,0.8757396449704142,0.8956127080181543,338,0.9300828227819378,0.8636562189893238
42,100,25,240,60,4023,1016,100,100,tree_depth10_top100,decision_tree,100,100,"{""class_weight"": ""balanced"", ""max_depth"": 10, ""min_samples_split"": 5}",0,empty,0.7466307277628033,0.8171091445427728,0.780281690140845,339,0.8312026422312563,0.6788520495302035
42,100,25,240,60,4023,1016,100,100,tree_depth10_top100,decision_tree,100,100,"{""class_weight"": ""balanced"", ""max_depth"": 10, ""min_samples_split"": 5}",1,static_presence,0.7388535031847133,0.6843657817109144,0.7105666156202144,339,0.783523526925574,0.6336008590094417
42,100,25,240,60,4023,1016,100,100,tree_depth10_top100,decision_tree,100,100,"{""class_weight"": ""balanced"", ""max_depth"": 10, ""min_samples_split"": 5}",2,movement,0.9365558912386707,0.9171597633136095,0.9267563527653214,338,0.9309446509923025,0.9015751081918472
42,100,25,240,60,4023,1016,100,126,tree_depth10_top126,decision_tree,126,126,"{""class_weight"": ""balanced"", ""max_depth"": 10, ""min_samples_split"": 5}",0,empty,0.8328267477203647,0.8082595870206489,0.8203592814371258,339,0.8778578057803166,0.7632246007355978
42,100,25,240,60,4023,1016,100,126,tree_depth10_top126,decision_tree,126,126,"{""class_weight"": ""balanced"", ""max_depth"": 10, ""min_samples_split"": 5}",1,static_presence,0.7341040462427746,0.7492625368731564,0.7416058394160584,339,0.8146712679137091,0.680236461948682
42,100,25,240,60,4023,1016,100,126,tree_depth10_top126,decision_tree,126,126,"{""class_weight"": ""balanced"", ""max_depth"": 10, ""min_samples_split"": 5}",2,movement,0.8885630498533724,0.8964497041420119,0.8924889543446245,338,0.9127197116475538,0.8524981077039001
42,100,25,240,60,4023,1016,100,160,tree_depth10_top160,decision_tree,160,160,"{""class_weight"": ""balanced"", ""max_depth"": 10, ""min_samples_split"": 5}",0,empty,0.7983193277310925,0.8407079646017699,0.8189655172413793,339,0.8722892511209004,0.745533557276211
42,100,25,240,60,4023,1016,100,160,tree_depth10_top160,decision_tree,160,160,"{""class_weight"": ""balanced"", ""max_depth"": 10, ""min_samples_split"": 5}",1,static_presence,0.7447447447447447,0.7315634218289085,0.7380952380952381,339,0.8088216711764117,0.6853114055059204
42,100,25,240,60,4023,1016,100,160,tree_depth10_top160,decision_tree,160,160,"{""class_weight"": ""balanced"", ""max_depth"": 10, ""min_samples_split"": 5}",2,movement,0.911042944785276,0.878698224852071,0.8945783132530121,338,0.884689567296783,0.812714952596886
42,100,25,240,60,4023,1016,100,1100,tree_depth10_topall,decision_tree,all,1100,"{""class_weight"": ""balanced"", ""max_depth"": 10, ""min_samples_split"": 5}",0,empty,0.8092643051771117,0.8761061946902655,0.8413597733711048,339,0.8974327132978654,0.770457916717143
42,100,25,240,60,4023,1016,100,1100,tree_depth10_topall,decision_tree,all,1100,"{""class_weight"": ""balanced"", ""max_depth"": 10, ""min_samples_split"": 5}",1,static_presence,0.7763157894736842,0.696165191740413,0.7340590979782271,339,0.7589726495949943,0.6581960944331355
42,100,25,240,60,4023,1016,100,1100,tree_depth10_topall,decision_tree,all,1100,"{""class_weight"": ""balanced"", ""max_depth"": 10, ""min_samples_split"": 5}",2,movement,0.8753623188405797,0.893491124260355,0.8843338213762811,338,0.9041450664153183,0.8226433917486645
42,100,25,240,60,4023,1016,100,70,tree_depth12_top70,decision_tree,70,70,"{""class_weight"": ""balanced"", ""max_depth"": 12, ""min_samples_split"": 5}",0,empty,0.6414565826330533,0.6755162241887905,0.6580459770114943,339,0.7784516977991573,0.5418458916356921
42,100,25,240,60,4023,1016,100,70,tree_depth12_top70,decision_tree,70,70,"{""class_weight"": ""balanced"", ""max_depth"": 12, ""min_samples_split"": 5}",1,static_presence,0.5659824046920822,0.5693215339233039,0.5676470588235294,339,0.6724291185736133,0.5053591985874706
42,100,25,240,60,4023,1016,100,70,tree_depth12_top70,decision_tree,70,70,"{""class_weight"": ""balanced"", ""max_depth"": 12, ""min_samples_split"": 5}",2,movement,0.9182389937106918,0.863905325443787,0.8902439024390244,338,0.9174346756034979,0.8360609874354923
42,100,25,240,60,4023,1016,100,100,tree_depth12_top100,decision_tree,100,100,"{""class_weight"": ""balanced"", ""max_depth"": 12, ""min_samples_split"": 5}",0,empty,0.7446236559139785,0.8171091445427728,0.7791842475386779,339,0.8225448033359041,0.6539593867306868
42,100,25,240,60,4023,1016,100,100,tree_depth12_top100,decision_tree,100,100,"{""class_weight"": ""balanced"", ""max_depth"": 12, ""min_samples_split"": 5}",1,static_presence,0.71875,0.6784660766961652,0.6980273141122914,339,0.7768525901622202,0.6439993451894335
42,100,25,240,60,4023,1016,100,100,tree_depth12_top100,decision_tree,100,100,"{""class_weight"": ""balanced"", ""max_depth"": 12, ""min_samples_split"": 5}",2,movement,0.941358024691358,0.9023668639053254,0.9214501510574018,338,0.9320530275261385,0.8842070238103213
42,100,25,240,60,4023,1016,100,126,tree_depth12_top126,decision_tree,126,126,"{""class_weight"": ""balanced"", ""max_depth"": 12, ""min_samples_split"": 5}",0,empty,0.8293413173652695,0.8171091445427728,0.8231797919762258,339,0.8755201457061563,0.7593643894472778
42,100,25,240,60,4023,1016,100,126,tree_depth12_top126,decision_tree,126,126,"{""class_weight"": ""balanced"", ""max_depth"": 12, ""min_samples_split"": 5}",1,static_presence,0.7397660818713451,0.7463126843657817,0.7430249632892805,339,0.7977368487557897,0.667837669018596
42,100,25,240,60,4023,1016,100,126,tree_depth12_top126,decision_tree,126,126,"{""class_weight"": ""balanced"", ""max_depth"": 12, ""min_samples_split"": 5}",2,movement,0.9,0.9053254437869822,0.9026548672566371,338,0.9037457890419088,0.8291966166319958
42,100,25,240,60,4023,1016,100,160,tree_depth12_top160,decision_tree,160,160,"{""class_weight"": ""balanced"", ""max_depth"": 12, ""min_samples_split"": 5}",0,empty,0.8111111111111111,0.8613569321533924,0.8354792560801144,339,0.8653176646928363,0.7534353767498863
42,100,25,240,60,4023,1016,100,160,tree_depth12_top160,decision_tree,160,160,"{""class_weight"": ""balanced"", ""max_depth"": 12, ""min_samples_split"": 5}",1,static_presence,0.7485207100591716,0.7463126843657817,0.7474150664697193,339,0.8189696866707624,0.671084622704222
42,100,25,240,60,4023,1016,100,160,tree_depth12_top160,decision_tree,160,160,"{""class_weight"": ""balanced"", ""max_depth"": 12, ""min_samples_split"": 5}",2,movement,0.9182389937106918,0.863905325443787,0.8902439024390244,338,0.8818269885322302,0.820321452199975
42,100,25,240,60,4023,1016,100,1100,tree_depth12_topall,decision_tree,all,1100,"{""class_weight"": ""balanced"", ""max_depth"": 12, ""min_samples_split"": 5}",0,empty,0.7971830985915493,0.8348082595870207,0.8155619596541787,339,0.8671890999246197,0.7398293346248754
42,100,25,240,60,4023,1016,100,1100,tree_depth12_topall,decision_tree,all,1100,"{""class_weight"": ""balanced"", ""max_depth"": 12, ""min_samples_split"": 5}",1,static_presence,0.7484076433121019,0.6932153392330384,0.7197549770290965,339,0.7530816590632802,0.6320332012366623
42,100,25,240,60,4023,1016,100,1100,tree_depth12_topall,decision_tree,all,1100,"{""class_weight"": ""balanced"", ""max_depth"": 12, ""min_samples_split"": 5}",2,movement,0.8645533141210374,0.8875739644970414,0.8759124087591241,338,0.8977326281614915,0.8128848071412517
42,100,25,240,60,4023,1016,100,70,random_forest_3_top70,random_forest,70,70,"{""class_weight"": ""balanced"", ""max_depth"": 8, ""min_samples_split"": 5, ""n_estimators"": 3}",0,empty,0.6744186046511628,0.7699115044247787,0.71900826446281,339,0.877711838189479,0.7048737441744011
42,100,25,240,60,4023,1016,100,70,random_forest_3_top70,random_forest,70,70,"{""class_weight"": ""balanced"", ""max_depth"": 8, ""min_samples_split"": 5, ""n_estimators"": 3}",1,static_presence,0.6642066420664207,0.5309734513274337,0.5901639344262295,339,0.7947630314200685,0.6437551031813322
42,100,25,240,60,4023,1016,100,70,random_forest_3_top70,random_forest,70,70,"{""class_weight"": ""balanced"", ""max_depth"": 8, ""min_samples_split"": 5, ""n_estimators"": 3}",2,movement,0.8994413407821229,0.9526627218934911,0.9252873563218391,338,0.9820696095372748,0.965873234315368
42,100,25,240,60,4023,1016,100,100,random_forest_3_top100,random_forest,100,100,"{""class_weight"": ""balanced"", ""max_depth"": 8, ""min_samples_split"": 5, ""n_estimators"": 3}",0,empty,0.7728459530026109,0.8731563421828908,0.8199445983379502,339,0.9040949355781841,0.7782274024758866
42,100,25,240,60,4023,1016,100,100,random_forest_3_top100,random_forest,100,100,"{""class_weight"": ""balanced"", ""max_depth"": 8, ""min_samples_split"": 5, ""n_estimators"": 3}",1,static_presence,0.8102189781021898,0.6548672566371682,0.7243066884176182,339,0.8833827880245573,0.7823570526944367
42,100,25,240,60,4023,1016,100,100,random_forest_3_top100,random_forest,100,100,"{""class_weight"": ""balanced"", ""max_depth"": 8, ""min_samples_split"": 5, ""n_estimators"": 3}",2,movement,0.9025069637883009,0.9585798816568047,0.9296987087517934,338,0.9927039151001029,0.9869538922814127
42,100,25,240,60,4023,1016,100,126,random_forest_3_top126,random_forest,126,126,"{""class_weight"": ""balanced"", ""max_depth"": 8, ""min_samples_split"": 5, ""n_estimators"": 3}",0,empty,0.7789473684210526,0.8731563421828908,0.8233657858136301,339,0.9308745419449854,0.817605682217274
42,100,25,240,60,4023,1016,100,126,random_forest_3_top126,random_forest,126,126,"{""class_weight"": ""balanced"", ""max_depth"": 8, ""min_samples_split"": 5, ""n_estimators"": 3}",1,static_presence,0.8413793103448276,0.7197640117994101,0.7758346581875993,339,0.898108085733084,0.8207919534498948
42,100,25,240,60,4023,1016,100,126,random_forest_3_top126,random_forest,126,126,"{""class_weight"": ""balanced"", ""max_depth"": 8, ""min_samples_split"": 5, ""n_estimators"": 3}",2,movement,0.9479768786127167,0.9704142011834319,0.9590643274853801,338,0.988632594997469,0.9687418753099027
42,100,25,240,60,4023,1016,100,160,random_forest_3_top160,random_forest,160,160,"{""class_weight"": ""balanced"", ""max_depth"": 8, ""min_samples_split"": 5, ""n_estimators"": 3}",0,empty,0.7855297157622739,0.8967551622418879,0.837465564738292,339,0.915900881469959,0.7948208230237782
42,100,25,240,60,4023,1016,100,160,random_forest_3_top160,random_forest,160,160,"{""class_weight"": ""balanced"", ""max_depth"": 8, ""min_samples_split"": 5, ""n_estimators"": 3}",1,static_presence,0.8356643356643356,0.7050147492625368,0.7648,339,0.8916506538040897,0.7875316097908774
42,100,25,240,60,4023,1016,100,160,random_forest_3_top160,random_forest,160,160,"{""class_weight"": ""balanced"", ""max_depth"": 8, ""min_samples_split"": 5, ""n_estimators"": 3}",2,movement,0.9387755102040817,0.9526627218934911,0.9456681350954479,338,0.9838019933322861,0.9738622029405125
42,100,25,240,60,4023,1016,100,1100,random_forest_3_topall,random_forest,all,1100,"{""class_weight"": ""balanced"", ""max_depth"": 8, ""min_samples_split"": 5, ""n_estimators"": 3}",0,empty,0.8222811671087533,0.9144542772861357,0.8659217877094972,339,0.93557818416317,0.8255566756811579
42,100,25,240,60,4023,1016,100,1100,random_forest_3_topall,random_forest,all,1100,"{""class_weight"": ""balanced"", ""max_depth"": 8, ""min_samples_split"": 5, ""n_estimators"": 3}",1,static_presence,0.8375796178343949,0.775811209439528,0.8055130168453293,339,0.8944850394112495,0.818414944402343
42,100,25,240,60,4023,1016,100,1100,random_forest_3_topall,random_forest,all,1100,"{""class_weight"": ""balanced"", ""max_depth"": 8, ""min_samples_split"": 5, ""n_estimators"": 3}",2,movement,0.96,0.9230769230769231,0.9411764705882353,338,0.9823772494807214,0.966147718516331
42,100,25,240,60,4023,1016,100,70,random_forest_5_top70,random_forest,70,70,"{""class_weight"": ""balanced"", ""max_depth"": 8, ""min_samples_split"": 5, ""n_estimators"": 5}",0,empty,0.674937965260546,0.8023598820058997,0.7331536388140162,339,0.8892781357977892,0.741895800184281
42,100,25,240,60,4023,1016,100,70,random_forest_5_top70,random_forest,70,70,"{""class_weight"": ""balanced"", ""max_depth"": 8, ""min_samples_split"": 5, ""n_estimators"": 5}",1,static_presence,0.6884615384615385,0.528023598820059,0.5976627712854758,339,0.818605857004048,0.6917761205412776
42,100,25,240,60,4023,1016,100,70,random_forest_5_top70,random_forest,70,70,"{""class_weight"": ""balanced"", ""max_depth"": 8, ""min_samples_split"": 5, ""n_estimators"": 5}",2,movement,0.9093484419263456,0.9497041420118343,0.9290882778581766,338,0.9827939816026949,0.9686554653680126
42,100,25,240,60,4023,1016,100,100,random_forest_5_top100,random_forest,100,100,"{""class_weight"": ""balanced"", ""max_depth"": 8, ""min_samples_split"": 5, ""n_estimators"": 5}",0,empty,0.7797927461139896,0.887905604719764,0.8303448275862069,339,0.9199857953926527,0.7774358844131752
42,100,25,240,60,4023,1016,100,100,random_forest_5_top100,random_forest,100,100,"{""class_weight"": ""balanced"", ""max_depth"": 8, ""min_samples_split"": 5, ""n_estimators"": 5}",1,static_presence,0.8297101449275363,0.6755162241887905,0.7447154471544716,339,0.89101231792177,0.8149101971256979
42,100,25,240,60,4023,1016,100,100,random_forest_5_top100,random_forest,100,100,"{""class_weight"": ""balanced"", ""max_depth"": 8, ""min_samples_split"": 5, ""n_estimators"": 5}",2,movement,0.9209039548022598,0.9644970414201184,0.9421965317919075,338,0.9932166483391807,0.9881399683795937
42,100,25,240,60,4023,1016,100,126,random_forest_5_top126,random_forest,126,126,"{""class_weight"": ""balanced"", ""max_depth"": 8, ""min_samples_split"": 5, ""n_estimators"": 5}",0,empty,0.8010471204188482,0.9026548672566371,0.8488210818307905,339,0.9295194398330304,0.8185460144608316
42,100,25,240,60,4023,1016,100,126,random_forest_5_top126,random_forest,126,126,"{""class_weight"": ""balanced"", ""max_depth"": 8, ""min_samples_split"": 5, ""n_estimators"": 5}",1,static_presence,0.8763250883392226,0.7315634218289085,0.797427652733119,339,0.9061559108159806,0.8305346510501603
42,100,25,240,60,4023,1016,100,126,random_forest_5_top126,random_forest,126,126,"{""class_weight"": ""balanced"", ""max_depth"": 8, ""min_samples_split"": 5, ""n_estimators"": 5}",2,movement,0.9430199430199431,0.9792899408284024,0.9608127721335269,338,0.9944057530851268,0.9889130497731613
42,100,25,240,60,4023,1016,100,160,random_forest_5_top160,random_forest,160,160,"{""class_weight"": ""balanced"", ""max_depth"": 8, ""min_samples_split"": 5, ""n_estimators"": 5}",0,empty,0.7837150127226463,0.9085545722713865,0.8415300546448088,339,0.9345476965442717,0.8164464860783605
42,100,25,240,60,4023,1016,100,160,random_forest_5_top160,random_forest,160,160,"{""class_weight"": ""balanced"", ""max_depth"": 8, ""min_samples_split"": 5, ""n_estimators"": 5}",1,static_presence,0.8628158844765343,0.7050147492625368,0.775974025974026,339,0.9023128237975103,0.8394781280732605
42,100,25,240,60,4023,1016,100,160,random_forest_5_top160,random_forest,160,160,"{""class_weight"": ""balanced"", ""max_depth"": 8, ""min_samples_split"": 5, ""n_estimators"": 5}",2,movement,0.9450867052023122,0.9674556213017751,0.956140350877193,338,0.9905569810266883,0.9848806448285572
42,100,25,240,60,4023,1016,100,1100,random_forest_5_topall,random_forest,all,1100,"{""class_weight"": ""balanced"", ""max_depth"": 8, ""min_samples_split"": 5, ""n_estimators"": 5}",0,empty,0.8160621761658031,0.9292035398230089,0.8689655172413793,339,0.9404081863853632,0.8304911399027722
42,100,25,240,60,4023,1016,100,1100,random_forest_5_topall,random_forest,all,1100,"{""class_weight"": ""balanced"", ""max_depth"": 8, ""min_samples_split"": 5, ""n_estimators"": 5}",1,static_presence,0.8865979381443299,0.7610619469026548,0.819047619047619,339,0.9060143004666605,0.8563664303918943
42,100,25,240,60,4023,1016,100,1100,random_forest_5_topall,random_forest,all,1100,"{""class_weight"": ""balanced"", ""max_depth"": 8, ""min_samples_split"": 5, ""n_estimators"": 5}",2,movement,0.9498525073746312,0.9526627218934911,0.9512555391432792,338,0.9885584123160706,0.9864547686216004
42,100,25,240,60,4023,1016,100,70,random_forest_10_top70,random_forest,70,70,"{""class_weight"": ""balanced"", ""max_depth"": 8, ""min_samples_split"": 5, ""n_estimators"": 10}",0,empty,0.6690647482014388,0.8230088495575221,0.7380952380952381,339,0.9002605630427489,0.7608727428568088
42,100,25,240,60,4023,1016,100,70,random_forest_10_top70,random_forest,70,70,"{""class_weight"": ""balanced"", ""max_depth"": 8, ""min_samples_split"": 5, ""n_estimators"": 10}",1,static_presence,0.7053941908713693,0.5014749262536873,0.5862068965517241,339,0.8348300457946082,0.7259864774278404
42,100,25,240,60,4023,1016,100,70,random_forest_10_top70,random_forest,70,70,"{""class_weight"": ""balanced"", ""max_depth"": 8, ""min_samples_split"": 5, ""n_estimators"": 10}",2,movement,0.9078212290502793,0.9615384615384616,0.9339080459770115,338,0.9839329039465186,0.9692281370494846
42,100,25,240,60,4023,1016,100,100,random_forest_10_top100,random_forest,100,100,"{""class_weight"": ""balanced"", ""max_depth"": 8, ""min_samples_split"": 5, ""n_estimators"": 10}",0,empty,0.7789203084832905,0.8938053097345132,0.8324175824175825,339,0.9370313242092696,0.8307091515676104
42,100,25,240,60,4023,1016,100,100,random_forest_10_top100,random_forest,100,100,"{""class_weight"": ""balanced"", ""max_depth"": 8, ""min_samples_split"": 5, ""n_estimators"": 10}",1,static_presence,0.8464285714285714,0.6991150442477876,0.7657512116316639,339,0.902883622436308,0.8401859567702596
42,100,25,240,60,4023,1016,100,100,random_forest_10_top100,random_forest,100,100,"{""class_weight"": ""balanced"", ""max_depth"": 8, ""min_samples_split"": 5, ""n_estimators"": 10}",2,movement,0.9452449567723343,0.9704142011834319,0.9576642335766423,338,0.9935941072768846,0.9889661617413059
42,100,25,240,60,4023,1016,100,126,random_forest_10_top126,random_forest,126,126,"{""class_weight"": ""balanced"", ""max_depth"": 8, ""min_samples_split"": 5, ""n_estimators"": 10}",0,empty,0.7901554404145078,0.8997050147492626,0.8413793103448276,339,0.9399310684391924,0.8260494705224655
42,100,25,240,60,4023,1016,100,126,random_forest_10_top126,random_forest,126,126,"{""class_weight"": ""balanced"", ""max_depth"": 8, ""min_samples_split"": 5, ""n_estimators"": 10}",1,static_presence,0.8621908127208481,0.7197640117994101,0.7845659163987139,339,0.9138311917491273,0.8598389493074322
42,100,25,240,60,4023,1016,100,126,random_forest_10_top126,random_forest,126,126,"{""class_weight"": ""balanced"", ""max_depth"": 8, ""min_samples_split"": 5, ""n_estimators"": 10}",2,movement,0.9481268011527377,0.9733727810650887,0.9605839416058394,338,0.9941788413537902,0.9903192528641361
42,100,25,240,60,4023,1016,100,160,random_forest_10_top160,random_forest,160,160,"{""class_weight"": ""balanced"", ""max_depth"": 8, ""min_samples_split"": 5, ""n_estimators"": 10}",0,empty,0.8010335917312662,0.9144542772861357,0.8539944903581267,339,0.9402033960340387,0.836201560302977
42,100,25,240,60,4023,1016,100,160,random_forest_10_top160,random_forest,160,160,"{""class_weight"": ""balanced"", ""max_depth"": 8, ""min_samples_split"": 5, ""n_estimators"": 10}",1,static_presence,0.8807017543859649,0.7404129793510325,0.8044871794871795,339,0.9139553731323774,0.8553036058341377
42,100,25,240,60,4023,1016,100,160,random_forest_10_top160,random_forest,160,160,"{""class_weight"": ""balanced"", ""max_depth"": 8, ""min_samples_split"": 5, ""n_estimators"": 10}",2,movement,0.9563953488372093,0.9733727810650887,0.9648093841642229,338,0.9920122706882407,0.9882299967137578
42,100,25,240,60,4023,1016,100,1100,random_forest_10_topall,random_forest,all,1100,"{""class_weight"": ""balanced"", ""max_depth"": 8, ""min_samples_split"": 5, ""n_estimators"": 10}",0,empty,0.8160621761658031,0.9292035398230089,0.8689655172413793,339,0.9502533735942449,0.853928192582116
42,100,25,240,60,4023,1016,100,1100,random_forest_10_topall,random_forest,all,1100,"{""class_weight"": ""balanced"", ""max_depth"": 8, ""min_samples_split"": 5, ""n_estimators"": 10}",1,static_presence,0.8851351351351351,0.7728613569321534,0.8251968503937008,339,0.9210554981852088,0.8893467052393225
42,100,25,240,60,4023,1016,100,1100,random_forest_10_topall,random_forest,all,1100,"{""class_weight"": ""balanced"", ""max_depth"": 8, ""min_samples_split"": 5, ""n_estimators"": 10}",2,movement,0.9640718562874252,0.9526627218934911,0.9583333333333334,338,0.9912377162206978,0.990233467974377
42,100,25,240,60,4023,1016,100,70,random_forest_20_top70,random_forest,70,70,"{""class_weight"": ""balanced"", ""max_depth"": 8, ""min_samples_split"": 5, ""n_estimators"": 20}",0,empty,0.6757990867579908,0.8731563421828908,0.7619047619047619,339,0.9051951390613631,0.7742096441513238
42,100,25,240,60,4023,1016,100,70,random_forest_20_top70,random_forest,70,70,"{""class_weight"": ""balanced"", ""max_depth"": 8, ""min_samples_split"": 5, ""n_estimators"": 20}",1,static_presence,0.7610619469026548,0.5073746312684366,0.6088495575221239,339,0.8457667220036339,0.7450014787126891
42,100,25,240,60,4023,1016,100,70,random_forest_20_top70,random_forest,70,70,"{""class_weight"": ""balanced"", ""max_depth"": 8, ""min_samples_split"": 5, ""n_estimators"": 20}",2,movement,0.9232954545454546,0.9615384615384616,0.9420289855072463,338,0.9853772843902184,0.9693313746007821
42,100,25,240,60,4023,1016,100,100,random_forest_20_top100,random_forest,100,100,"{""class_weight"": ""balanced"", ""max_depth"": 8, ""min_samples_split"": 5, ""n_estimators"": 20}",0,empty,0.7948717948717948,0.9144542772861357,0.850480109739369,339,0.9422316919604536,0.8442783328465575
42,100,25,240,60,4023,1016,100,100,random_forest_20_top100,random_forest,100,100,"{""class_weight"": ""balanced"", ""max_depth"": 8, ""min_samples_split"": 5, ""n_estimators"": 20}",1,static_presence,0.8763250883392226,0.7315634218289085,0.797427652733119,339,0.9125501627429706,0.8482829959664507
42,100,25,240,60,4023,1016,100,100,random_forest_20_top100,random_forest,100,100,"{""class_weight"": ""balanced"", ""max_depth"": 8, ""min_samples_split"": 5, ""n_estimators"": 20}",2,movement,0.9591836734693877,0.9733727810650887,0.9662261380323054,338,0.993258103367021,0.9882727336522097
42,100,25,240,60,4023,1016,100,126,random_forest_20_top126,random_forest,126,126,"{""class_weight"": ""balanced"", ""max_depth"": 8, ""min_samples_split"": 5, ""n_estimators"": 20}",0,empty,0.7932816537467701,0.9056047197640118,0.8457300275482094,339,0.943924480290018,0.8555948712450809
42,100,25,240,60,4023,1016,100,126,random_forest_20_top126,random_forest,126,126,"{""class_weight"": ""balanced"", ""max_depth"": 8, ""min_samples_split"": 5, ""n_estimators"": 20}",1,static_presence,0.8683274021352313,0.7197640117994101,0.7870967741935484,339,0.921262467157292,0.8536266477641029
42,100,25,240,60,4023,1016,100,126,random_forest_20_top126,random_forest,126,126,"{""class_weight"": ""balanced"", ""max_depth"": 8, ""min_samples_split"": 5, ""n_estimators"": 20}",2,movement,0.9454022988505747,0.9733727810650887,0.9591836734693877,338,0.99381665532108,0.9905988243527526
42,100,25,240,60,4023,1016,100,160,random_forest_20_top160,random_forest,160,160,"{""class_weight"": ""balanced"", ""max_depth"": 8, ""min_samples_split"": 5, ""n_estimators"": 20}",0,empty,0.8,0.9203539823008849,0.8559670781893004,339,0.9456085541365472,0.8431622871352455
42,100,25,240,60,4023,1016,100,160,random_forest_20_top160,random_forest,160,160,"{""class_weight"": ""balanced"", ""max_depth"": 8, ""min_samples_split"": 5, ""n_estimators"": 20}",1,static_presence,0.8861209964412812,0.7345132743362832,0.8032258064516129,339,0.9214737933708926,0.8816346555452066
42,100,25,240,60,4023,1016,100,160,random_forest_20_top160,random_forest,160,160,"{""class_weight"": ""balanced"", ""max_depth"": 8, ""min_samples_split"": 5, ""n_estimators"": 20}",2,movement,0.9536231884057971,0.9733727810650887,0.9633967789165446,338,0.9927868251557836,0.9893489837862625
42,100,25,240,60,4023,1016,100,1100,random_forest_20_topall,random_forest,all,1100,"{""class_weight"": ""balanced"", ""max_depth"": 8, ""min_samples_split"": 5, ""n_estimators"": 20}",0,empty,0.8255208333333334,0.9351032448377581,0.8769017980636238,339,0.9502947673886616,0.8510931407630453
42,100,25,240,60,4023,1016,100,1100,random_forest_20_topall,random_forest,all,1100,"{""class_weight"": ""balanced"", ""max_depth"": 8, ""min_samples_split"": 5, ""n_estimators"": 20}",1,static_presence,0.8993288590604027,0.7905604719764012,0.8414442700156985,339,0.9233844437763341,0.8925992243621315
42,100,25,240,60,4023,1016,100,1100,random_forest_20_topall,random_forest,all,1100,"{""class_weight"": ""balanced"", ""max_depth"": 8, ""min_samples_split"": 5, ""n_estimators"": 20}",2,movement,0.9760479041916168,0.9644970414201184,0.9702380952380952,338,0.991270443874256,0.9913920324163619
42,100,25,240,60,4023,1016,100,70,extra_trees_3_top70,extra_trees,70,70,"{""class_weight"": ""balanced"", ""max_depth"": 8, ""min_samples_split"": 5, ""n_estimators"": 3}",0,empty,0.6326963906581741,0.8790560471976401,0.7358024691358025,339,0.8685768813479563,0.674221745855045
42,100,25,240,60,4023,1016,100,70,extra_trees_3_top70,extra_trees,70,70,"{""class_weight"": ""balanced"", ""max_depth"": 8, ""min_samples_split"": 5, ""n_estimators"": 3}",1,static_presence,0.6804123711340206,0.3893805309734513,0.49530956848030017,339,0.7637307573321481,0.6026680282537479
42,100,25,240,60,4023,1016,100,70,extra_trees_3_top70,extra_trees,70,70,"{""class_weight"": ""balanced"", ""max_depth"": 8, ""min_samples_split"": 5, ""n_estimators"": 3}",2,movement,0.8974358974358975,0.9319526627218935,0.9143686502177069,338,0.9841510883035729,0.9667782832508414
42,100,25,240,60,4023,1016,100,100,extra_trees_3_top100,extra_trees,100,100,"{""class_weight"": ""balanced"", ""max_depth"": 8, ""min_samples_split"": 5, ""n_estimators"": 3}",0,empty,0.6997690531177829,0.8938053097345132,0.7849740932642487,339,0.9045546245582846,0.7361849113997844
42,100,25,240,60,4023,1016,100,100,extra_trees_3_top100,extra_trees,100,100,"{""class_weight"": ""balanced"", ""max_depth"": 8, ""min_samples_split"": 5, ""n_estimators"": 3}",1,static_presence,0.7719298245614035,0.5191740412979351,0.6208112874779541,339,0.820272501884507,0.7520461500415198
42,100,25,240,60,4023,1016,100,100,extra_trees_3_top100,extra_trees,100,100,"{""class_weight"": ""balanced"", ""max_depth"": 8, ""min_samples_split"": 5, ""n_estimators"": 3}",2,movement,0.8873239436619719,0.9319526627218935,0.9090909090909091,338,0.9813845106561239,0.9599640493694349
42,100,25,240,60,4023,1016,100,126,extra_trees_3_top126,extra_trees,126,126,"{""class_weight"": ""balanced"", ""max_depth"": 8, ""min_samples_split"": 5, ""n_estimators"": 3}",0,empty,0.7523809523809524,0.9321533923303835,0.8326745718050066,339,0.9399877125789204,0.8218654465549646
42,100,25,240,60,4023,1016,100,126,extra_trees_3_top126,extra_trees,126,126,"{""class_weight"": ""balanced"", ""max_depth"": 8, ""min_samples_split"": 5, ""n_estimators"": 3}",1,static_presence,0.8663967611336032,0.6312684365781711,0.7303754266211604,339,0.8854001908471785,0.8452897439845128
42,100,25,240,60,4023,1016,100,126,extra_trees_3_top126,extra_trees,126,126,"{""class_weight"": ""balanced"", ""max_depth"": 8, ""min_samples_split"": 5, ""n_estimators"": 3}",2,movement,0.9111747851002865,0.9408284023668639,0.925764192139738,338,0.9870333036602608,0.9765716710863853
42,100,25,240,60,4023,1016,100,160,extra_trees_3_top160,extra_trees,160,160,"{""class_weight"": ""balanced"", ""max_depth"": 8, ""min_samples_split"": 5, ""n_estimators"": 3}",0,empty,0.7451456310679612,0.9056047197640118,0.8175765645805593,339,0.9300248798490651,0.8018752347571313
42,100,25,240,60,4023,1016,100,160,extra_trees_3_top160,extra_trees,160,160,"{""class_weight"": ""balanced"", ""max_depth"": 8, ""min_samples_split"": 5, ""n_estimators"": 3}",1,static_presence,0.844106463878327,0.6548672566371682,0.7375415282392026,339,0.8826246280005055,0.8361759980804558
42,100,25,240,60,4023,1016,100,160,extra_trees_3_top160,extra_trees,160,160,"{""class_weight"": ""balanced"", ""max_depth"": 8, ""min_samples_split"": 5, ""n_estimators"": 3}",2,movement,0.9296187683284457,0.9378698224852071,0.9337260677466863,338,0.9884951388525249,0.9786065786102761
42,100,25,240,60,4023,1016,100,1100,extra_trees_3_topall,extra_trees,all,1100,"{""class_weight"": ""balanced"", ""max_depth"": 8, ""min_samples_split"": 5, ""n_estimators"": 3}",0,empty,0.7694174757281553,0.9351032448377581,0.844207723035952,339,0.9498328997878024,0.8596264165335102
42,100,25,240,60,4023,1016,100,1100,extra_trees_3_topall,extra_trees,all,1100,"{""class_weight"": ""balanced"", ""max_depth"": 8, ""min_samples_split"": 5, ""n_estimators"": 3}",1,static_presence,0.8088737201365188,0.6991150442477876,0.75,339,0.8976832546851241,0.8515406365567737
42,100,25,240,60,4023,1016,100,1100,extra_trees_3_topall,extra_trees,all,1100,"{""class_weight"": ""balanced"", ""max_depth"": 8, ""min_samples_split"": 5, ""n_estimators"": 3}",2,movement,0.9292604501607717,0.8550295857988166,0.8906009244992296,338,0.9793881237890767,0.9667388027977409
42,100,25,240,60,4023,1016,100,70,extra_trees_5_top70,extra_trees,70,70,"{""class_weight"": ""balanced"", ""max_depth"": 8, ""min_samples_split"": 5, ""n_estimators"": 5}",0,empty,0.6340956340956341,0.8997050147492626,0.7439024390243902,339,0.8791279416826795,0.69112577886258
42,100,25,240,60,4023,1016,100,70,extra_trees_5_top70,extra_trees,70,70,"{""class_weight"": ""balanced"", ""max_depth"": 8, ""min_samples_split"": 5, ""n_estimators"": 5}",1,static_presence,0.7039106145251397,0.37168141592920356,0.4864864864864865,339,0.778567164699372,0.627392723439362
42,100,25,240,60,4023,1016,100,70,extra_trees_5_top70,extra_trees,70,70,"{""class_weight"": ""balanced"", ""max_depth"": 8, ""min_samples_split"": 5, ""n_estimators"": 5}",2,movement,0.8932584269662921,0.9408284023668639,0.9164265129682997,338,0.9832172592553804,0.9651768524584673
42,100,25,240,60,4023,1016,100,100,extra_trees_5_top100,extra_trees,100,100,"{""class_weight"": ""balanced"", ""max_depth"": 8, ""min_samples_split"": 5, ""n_estimators"": 5}",0,empty,0.7547619047619047,0.9351032448377581,0.8353096179183136,339,0.9273299259704667,0.7894184446228112
42,100,25,240,60,4023,1016,100,100,extra_trees_5_top100,extra_trees,100,100,"{""class_weight"": ""balanced"", ""max_depth"": 8, ""min_samples_split"": 5, ""n_estimators"": 5}",1,static_presence,0.8477366255144033,0.6076696165191741,0.7079037800687286,339,0.8627076770238298,0.812470915217904
42,100,25,240,60,4023,1016,100,100,extra_trees_5_top100,extra_trees,100,100,"{""class_weight"": ""balanced"", ""max_depth"": 8, ""min_samples_split"": 5, ""n_estimators"": 5}",2,movement,0.8980169971671388,0.9378698224852071,0.9175108538350217,338,0.9846245483583809,0.9703279939331698
42,100,25,240,60,4023,1016,100,126,extra_trees_5_top126,extra_trees,126,126,"{""class_weight"": ""balanced"", ""max_depth"": 8, ""min_samples_split"": 5, ""n_estimators"": 5}",0,empty,0.7701711491442543,0.9292035398230089,0.8422459893048129,339,0.9448591085955304,0.841662289897302
42,100,25,240,60,4023,1016,100,126,extra_trees_5_top126,extra_trees,126,126,"{""class_weight"": ""balanced"", ""max_depth"": 8, ""min_samples_split"": 5, ""n_estimators"": 5}",1,static_presence,0.8661417322834646,0.6489675516224189,0.7419898819561551,339,0.8957704256589238,0.852010967110854
42,100,25,240,60,4023,1016,100,126,extra_trees_5_top126,extra_trees,126,126,"{""class_weight"": ""balanced"", ""max_depth"": 8, ""min_samples_split"": 5, ""n_estimators"": 5}",2,movement,0.9121813031161473,0.9526627218934911,0.9319826338639653,338,0.9907838927580248,0.983058118371711
42,100,25,240,60,4023,1016,100,160,extra_trees_5_top160,extra_trees,160,160,"{""class_weight"": ""balanced"", ""max_depth"": 8, ""min_samples_split"": 5, ""n_estimators"": 5}",0,empty,0.7578692493946732,0.9233038348082596,0.8324468085106383,339,0.9408330174333234,0.8328181854133123
42,100,25,240,60,4023,1016,100,160,extra_trees_5_top160,extra_trees,160,160,"{""class_weight"": ""balanced"", ""max_depth"": 8, ""min_samples_split"": 5, ""n_estimators"": 5}",1,static_presence,0.8415094339622642,0.6578171091445427,0.7384105960264901,339,0.8965285856829758,0.85536842698516
42,100,25,240,60,4023,1016,100,160,extra_trees_5_top160,extra_trees,160,160,"{""class_weight"": ""balanced"", ""max_depth"": 8, ""min_samples_split"": 5, ""n_estimators"": 5}",2,movement,0.9349112426035503,0.9349112426035503,0.9349112426035503,338,0.9899111553298074,0.9815916105905234
42,100,25,240,60,4023,1016,100,1100,extra_trees_5_topall,extra_trees,all,1100,"{""class_weight"": ""balanced"", ""max_depth"": 8, ""min_samples_split"": 5, ""n_estimators"": 5}",0,empty,0.7820823244552058,0.9528023598820059,0.8590425531914894,339,0.9477588528254532,0.8490264807884317
42,100,25,240,60,4023,1016,100,1100,extra_trees_5_topall,extra_trees,all,1100,"{""class_weight"": ""balanced"", ""max_depth"": 8, ""min_samples_split"": 5, ""n_estimators"": 5}",1,static_presence,0.8832116788321168,0.7138643067846607,0.7895595432300163,339,0.8993716857731706,0.8565340957474727
42,100,25,240,60,4023,1016,100,1100,extra_trees_5_topall,extra_trees,all,1100,"{""class_weight"": ""balanced"", ""max_depth"": 8, ""min_samples_split"": 5, ""n_estimators"": 5}",2,movement,0.939209726443769,0.9142011834319527,0.9265367316341829,338,0.983854357577979,0.974345183131789
42,100,25,240,60,4023,1016,100,70,extra_trees_10_top70,extra_trees,70,70,"{""class_weight"": ""balanced"", ""max_depth"": 8, ""min_samples_split"": 5, ""n_estimators"": 10}",0,empty,0.6390041493775933,0.9085545722713865,0.7503045066991474,339,0.8901081903068805,0.7324934507783449
42,100,25,240,60,4023,1016,100,70,extra_trees_10_top70,extra_trees,70,70,"{""class_weight"": ""balanced"", ""max_depth"": 8, ""min_samples_split"": 5, ""n_estimators"": 10}",1,static_presence,0.7318435754189944,0.3864306784660767,0.5057915057915058,339,0.8071070966392596,0.6742420363006603
42,100,25,240,60,4023,1016,100,70,extra_trees_10_top70,extra_trees,70,70,"{""class_weight"": ""balanced"", ""max_depth"": 8, ""min_samples_split"": 5, ""n_estimators"": 10}",2,movement,0.9014084507042254,0.9467455621301775,0.9235209235209235,338,0.9849234609275452,0.9675141567816965
42,100,25,240,60,4023,1016,100,100,extra_trees_10_top100,extra_trees,100,100,"{""class_weight"": ""balanced"", ""max_depth"": 8, ""min_samples_split"": 5, ""n_estimators"": 10}",0,empty,0.7642857142857142,0.9469026548672567,0.8458498023715415,339,0.935037886214995,0.8045208002687121
42,100,25,240,60,4023,1016,100,100,extra_trees_10_top100,extra_trees,100,100,"{""class_weight"": ""balanced"", ""max_depth"": 8, ""min_samples_split"": 5, ""n_estimators"": 10}",1,static_presence,0.8801652892561983,0.6283185840707964,0.7332185886402753,339,0.8871343729711594,0.8423662251262681
42,100,25,240,60,4023,1016,100,100,extra_trees_10_top100,extra_trees,100,100,"{""class_weight"": ""balanced"", ""max_depth"": 8, ""min_samples_split"": 5, ""n_estimators"": 10}",2,movement,0.9124293785310734,0.9556213017751479,0.9335260115606936,338,0.9894006039343004,0.979727721607912
42,100,25,240,60,4023,1016,100,126,extra_trees_10_top126,extra_trees,126,126,"{""class_weight"": ""balanced"", ""max_depth"": 8, ""min_samples_split"": 5, ""n_estimators"": 10}",0,empty,0.7807228915662651,0.9557522123893806,0.8594164456233422,339,0.9462338182943143,0.8325411462292971
42,100,25,240,60,4023,1016,100,126,extra_trees_10_top126,extra_trees,126,126,"{""class_weight"": ""balanced"", ""max_depth"": 8, ""min_samples_split"": 5, ""n_estimators"": 10}",1,static_presence,0.9065040650406504,0.6578171091445427,0.7623931623931623,339,0.9011625120368797,0.8684956131343642
42,100,25,240,60,4023,1016,100,126,extra_trees_10_top126,extra_trees,126,126,"{""class_weight"": ""balanced"", ""max_depth"": 8, ""min_samples_split"": 5, ""n_estimators"": 10}",2,movement,0.9183098591549296,0.9644970414201184,0.9408369408369408,338,0.9907140737637674,0.9819283870928113
42,100,25,240,60,4023,1016,100,160,extra_trees_10_top160,extra_trees,160,160,"{""class_weight"": ""balanced"", ""max_depth"": 8, ""min_samples_split"": 5, ""n_estimators"": 10}",0,empty,0.7470997679814385,0.9498525073746312,0.8363636363636363,339,0.9473797728134272,0.8494495693073013
42,100,25,240,60,4023,1016,100,160,extra_trees_10_top160,extra_trees,160,160,"{""class_weight"": ""balanced"", ""max_depth"": 8, ""min_samples_split"": 5, ""n_estimators"": 10}",1,static_presence,0.9057377049180327,0.6519174041297935,0.758147512864494,339,0.9133192158708165,0.8775012201010502
42,100,25,240,60,4023,1016,100,160,extra_trees_10_top160,extra_trees,160,160,"{""class_weight"": ""balanced"", ""max_depth"": 8, ""min_samples_split"": 5, ""n_estimators"": 10}",2,movement,0.9472140762463344,0.9556213017751479,0.9513991163475699,338,0.9919708156604005,0.9848315553506515
42,100,25,240,60,4023,1016,100,1100,extra_trees_10_topall,extra_trees,all,1100,"{""class_weight"": ""balanced"", ""max_depth"": 8, ""min_samples_split"": 5, ""n_estimators"": 10}",0,empty,0.7906403940886699,0.9469026548672567,0.8617449664429531,339,0.945771950693455,0.8138356978246132
42,100,25,240,60,4023,1016,100,1100,extra_trees_10_topall,extra_trees,all,1100,"{""class_weight"": ""balanced"", ""max_depth"": 8, ""min_samples_split"": 5, ""n_estimators"": 10}",1,static_presence,0.9188191881918819,0.7345132743362832,0.8163934426229508,339,0.9053803218258585,0.873494214015024
42,100,25,240,60,4023,1016,100,1100,extra_trees_10_topall,extra_trees,all,1100,"{""class_weight"": ""balanced"", ""max_depth"": 8, ""min_samples_split"": 5, ""n_estimators"": 10}",2,movement,0.9498525073746312,0.9526627218934911,0.9512555391432792,338,0.9890035084044615,0.9831721811267784
42,100,25,240,60,4023,1016,100,70,extra_trees_20_top70,extra_trees,70,70,"{""class_weight"": ""balanced"", ""max_depth"": 8, ""min_samples_split"": 5, ""n_estimators"": 20}",0,empty,0.6482617586912065,0.9351032448377581,0.7657004830917874,339,0.8977442560663694,0.7579910021058938
42,100,25,240,60,4023,1016,100,70,extra_trees_20_top70,extra_trees,70,70,"{""class_weight"": ""balanced"", ""max_depth"": 8, ""min_samples_split"": 5, ""n_estimators"": 20}",1,static_presence,0.8095238095238095,0.40117994100294985,0.5364891518737672,339,0.8251569696256694,0.7132231429478
42,100,25,240,60,4023,1016,100,70,extra_trees_20_top70,extra_trees,70,70,"{""class_weight"": ""balanced"", ""max_depth"": 8, ""min_samples_split"": 5, ""n_estimators"": 20}",2,movement,0.9080779944289693,0.9644970414201184,0.9354375896700143,338,0.9847183676319142,0.9668317542167698
42,100,25,240,60,4023,1016,100,100,extra_trees_20_top100,extra_trees,100,100,"{""class_weight"": ""balanced"", ""max_depth"": 8, ""min_samples_split"": 5, ""n_estimators"": 20}",0,empty,0.7534883720930232,0.9557522123893806,0.8426527958387516,339,0.9397480642954557,0.8227692919121573
42,100,25,240,60,4023,1016,100,100,extra_trees_20_top100,extra_trees,100,100,"{""class_weight"": ""balanced"", ""max_depth"": 8, ""min_samples_split"": 5, ""n_estimators"": 20}",1,static_presence,0.9122807017543859,0.6135693215339233,0.7336860670194003,339,0.9049032038796878,0.869718070371818
42,100,25,240,60,4023,1016,100,100,extra_trees_20_top100,extra_trees,100,100,"{""class_weight"": ""balanced"", ""max_depth"": 8, ""min_samples_split"": 5, ""n_estimators"": 20}",2,movement,0.9217877094972067,0.9763313609467456,0.9482758620689655,338,0.9923940933130858,0.9854763344084303
42,100,25,240,60,4023,1016,100,126,extra_trees_20_top126,extra_trees,126,126,"{""class_weight"": ""balanced"", ""max_depth"": 8, ""min_samples_split"": 5, ""n_estimators"": 20}",0,empty,0.7759036144578313,0.9498525073746312,0.8541114058355438,339,0.9453340479209422,0.8155018761630501
42,100,25,240,60,4023,1016,100,126,extra_trees_20_top126,extra_trees,126,126,"{""class_weight"": ""balanced"", ""max_depth"": 8, ""min_samples_split"": 5, ""n_estimators"": 20}",1,static_presence,0.9019607843137255,0.6784660766961652,0.7744107744107744,339,0.9090556550459036,0.8797077320737844
42,100,25,240,60,4023,1016,100,126,extra_trees_20_top126,extra_trees,126,126,"{""class_weight"": ""balanced"", ""max_depth"": 8, ""min_samples_split"": 5, ""n_estimators"": 20}",2,movement,0.9450867052023122,0.9674556213017751,0.956140350877193,338,0.9919795430346826,0.9852698744143115
42,100,25,240,60,4023,1016,100,160,extra_trees_20_top160,extra_trees,160,160,"{""class_weight"": ""balanced"", ""max_depth"": 8, ""min_samples_split"": 5, ""n_estimators"": 20}",0,empty,0.7559241706161137,0.9410029498525073,0.8383705650459922,339,0.9496912894384822,0.8569878788634391
42,100,25,240,60,4023,1016,100,160,extra_trees_20_top160,extra_trees,160,160,"{""class_weight"": ""balanced"", ""max_depth"": 8, ""min_samples_split"": 5, ""n_estimators"": 20}",1,static_presence,0.8928571428571429,0.6637168141592921,0.7614213197969543,339,0.9242057838023903,0.8924352122403121
42,100,25,240,60,4023,1016,100,160,extra_trees_20_top160,extra_trees,160,160,"{""class_weight"": ""balanced"", ""max_depth"": 8, ""min_samples_split"": 5, ""n_estimators"": 20}",2,movement,0.956140350877193,0.9674556213017751,0.961764705882353,338,0.9926122776701402,0.9869731345967926
42,100,25,240,60,4023,1016,100,1100,extra_trees_20_topall,extra_trees,all,1100,"{""class_weight"": ""balanced"", ""max_depth"": 8, ""min_samples_split"": 5, ""n_estimators"": 20}",0,empty,0.7925925925925926,0.9469026548672567,0.8629032258064516,339,0.9466891500328972,0.8365656305263056
42,100,25,240,60,4023,1016,100,1100,extra_trees_20_topall,extra_trees,all,1100,"{""class_weight"": ""balanced"", ""max_depth"": 8, ""min_samples_split"": 5, ""n_estimators"": 20}",1,static_presence,0.92,0.7463126843657817,0.8241042345276873,339,0.9132037489706017,0.8725476367521687
42,100,25,240,60,4023,1016,100,1100,extra_trees_20_topall,extra_trees,all,1100,"{""class_weight"": ""balanced"", ""max_depth"": 8, ""min_samples_split"": 5, ""n_estimators"": 20}",2,movement,0.9672619047619048,0.9615384615384616,0.9643916913946587,338,0.9914035363320592,0.9874576336196749
42,100,25,240,60,4023,1016,100,70,gradient_boosting_depth2_5_top70,gradient_boosting,70,70,"{""learning_rate"": 0.1, ""max_depth"": 2, ""n_estimators"": 5}",0,empty,0.6322067594433399,0.9380530973451328,0.7553444180522565,339,0.8810385920881209,0.7062533863556694
42,100,25,240,60,4023,1016,100,70,gradient_boosting_depth2_5_top70,gradient_boosting,70,70,"{""learning_rate"": 0.1, ""max_depth"": 2, ""n_estimators"": 5}",1,static_presence,0.7756410256410257,0.35693215339233036,0.4888888888888889,339,0.8035080151457715,0.651807924901495
42,100,25,240,60,4023,1016,100,70,gradient_boosting_depth2_5_top70,gradient_boosting,70,70,"{""learning_rate"": 0.1, ""max_depth"": 2, ""n_estimators"": 5}",2,movement,0.8935574229691877,0.9437869822485208,0.9179856115107914,338,0.9798812204360196,0.9591025061999211
42,100,25,240,60,4023,1016,100,100,gradient_boosting_depth2_5_top100,gradient_boosting,100,100,"{""learning_rate"": 0.1, ""max_depth"": 2, ""n_estimators"": 5}",0,empty,0.7648514851485149,0.911504424778761,0.8317631224764468,339,0.9330531627037554,0.8002352724104937
42,100,25,240,60,4023,1016,100,100,gradient_boosting_depth2_5_top100,gradient_boosting,100,100,"{""learning_rate"": 0.1, ""max_depth"": 2, ""n_estimators"": 5}",1,static_presence,0.8421052631578947,0.6607669616519174,0.740495867768595,339,0.8806900127667177,0.8304134895650499
42,100,25,240,60,4023,1016,100,100,gradient_boosting_depth2_5_top100,gradient_boosting,100,100,"{""learning_rate"": 0.1, ""max_depth"": 2, ""n_estimators"": 5}",2,movement,0.9277456647398844,0.9497041420118343,0.9385964912280702,338,0.9847641863468957,0.9583601481379164
42,100,25,240,60,4023,1016,100,126,gradient_boosting_depth2_5_top126,gradient_boosting,126,126,"{""learning_rate"": 0.1, ""max_depth"": 2, ""n_estimators"": 5}",0,empty,0.7786069651741293,0.9233038348082596,0.844804318488529,339,0.9436913678688296,0.8275024879052967
42,100,25,240,60,4023,1016,100,126,gradient_boosting_depth2_5_top126,gradient_boosting,126,126,"{""learning_rate"": 0.1, ""max_depth"": 2, ""n_estimators"": 5}",1,static_presence,0.8582089552238806,0.6784660766961652,0.7578253706754531,339,0.8918467296723791,0.8473978147541382
42,100,25,240,60,4023,1016,100,126,gradient_boosting_depth2_5_top126,gradient_boosting,126,126,"{""learning_rate"": 0.1, ""max_depth"": 2, ""n_estimators"": 5}",2,movement,0.9277456647398844,0.9497041420118343,0.9385964912280702,338,0.9892718751636383,0.9810981309622328
42,100,25,240,60,4023,1016,100,160,gradient_boosting_depth2_5_top160,gradient_boosting,160,160,"{""learning_rate"": 0.1, ""max_depth"": 2, ""n_estimators"": 5}",0,empty,0.7747524752475248,0.9233038348082596,0.8425302826379543,339,0.9395454525648903,0.8157731959529354
42,100,25,240,60,4023,1016,100,160,gradient_boosting_depth2_5_top160,gradient_boosting,160,160,"{""learning_rate"": 0.1, ""max_depth"": 2, ""n_estimators"": 5}",1,static_presence,0.8571428571428571,0.672566371681416,0.7537190082644628,339,0.8889055916480393,0.8415466772247812
42,100,25,240,60,4023,1016,100,160,gradient_boosting_depth2_5_top160,gradient_boosting,160,160,"{""learning_rate"": 0.1, ""max_depth"": 2, ""n_estimators"": 5}",2,movement,0.9277456647398844,0.9497041420118343,0.9385964912280702,338,0.9897409715313052,0.9826488720381112
42,100,25,240,60,4023,1016,100,1100,gradient_boosting_depth2_5_topall,gradient_boosting,all,1100,"{""learning_rate"": 0.1, ""max_depth"": 2, ""n_estimators"": 5}",0,empty,0.7744360902255639,0.911504424778761,0.8373983739837398,339,0.9523688143510107,0.8677673412163924
42,100,25,240,60,4023,1016,100,1100,gradient_boosting_depth2_5_topall,gradient_boosting,all,1100,"{""learning_rate"": 0.1, ""max_depth"": 2, ""n_estimators"": 5}",1,static_presence,0.8487084870848709,0.6784660766961652,0.7540983606557377,339,0.91248044687869,0.8680532940969792
42,100,25,240,60,4023,1016,100,1100,gradient_boosting_depth2_5_topall,gradient_boosting,all,1100,"{""learning_rate"": 0.1, ""max_depth"": 2, ""n_estimators"": 5}",2,movement,0.9219653179190751,0.9437869822485208,0.9327485380116959,338,0.9864485695833551,0.9757767558841446
42,100,25,240,60,4023,1016,100,70,gradient_boosting_depth2_10_top70,gradient_boosting,70,70,"{""learning_rate"": 0.1, ""max_depth"": 2, ""n_estimators"": 10}",0,empty,0.6327345309381237,0.9351032448377581,0.7547619047619047,339,0.8852476873940646,0.7086898526859683
42,100,25,240,60,4023,1016,100,70,gradient_boosting_depth2_10_top70,gradient_boosting,70,70,"{""learning_rate"": 0.1, ""max_depth"": 2, ""n_estimators"": 10}",1,static_presence,0.7875,0.37168141592920356,0.5050100200400801,339,0.8106843919251602,0.676420267947801
42,100,25,240,60,4023,1016,100,70,gradient_boosting_depth2_10_top70,gradient_boosting,70,70,"{""learning_rate"": 0.1, ""max_depth"": 2, ""n_estimators"": 10}",2,movement,0.9042253521126761,0.9497041420118343,0.9264069264069265,338,0.9787248433436317,0.9566178734582872
42,100,25,240,60,4023,1016,100,100,gradient_boosting_depth2_10_top100,gradient_boosting,100,100,"{""learning_rate"": 0.1, ""max_depth"": 2, ""n_estimators"": 10}",0,empty,0.7788697788697788,0.9351032448377581,0.8498659517426274,339,0.9433493244097026,0.8377732561168385
42,100,25,240,60,4023,1016,100,100,gradient_boosting_depth2_10_top100,gradient_boosting,100,100,"{""learning_rate"": 0.1, ""max_depth"": 2, ""n_estimators"": 10}",1,static_presence,0.8679245283018868,0.6784660766961652,0.7615894039735099,339,0.8964152974035199,0.851943010377958
42,100,25,240,60,4023,1016,100,100,gradient_boosting_depth2_10_top100,gradient_boosting,100,100,"{""learning_rate"": 0.1, ""max_depth"": 2, ""n_estimators"": 10}",2,movement,0.9331395348837209,0.9497041420118343,0.9413489736070382,338,0.9891715103593932,0.9788862750829238
42,100,25,240,60,4023,1016,100,126,gradient_boosting_depth2_10_top126,gradient_boosting,126,126,"{""learning_rate"": 0.1, ""max_depth"": 2, ""n_estimators"": 10}",0,empty,0.7832512315270936,0.9380530973451328,0.8536912751677852,339,0.9460682431166477,0.8405255681659474
42,100,25,240,60,4023,1016,100,126,gradient_boosting_depth2_10_top126,gradient_boosting,126,126,"{""learning_rate"": 0.1, ""max_depth"": 2, ""n_estimators"": 10}",1,static_presence,0.8721804511278195,0.6843657817109144,0.7669421487603306,339,0.8967943774155458,0.8609652837006553
42,100,25,240,60,4023,1016,100,126,gradient_boosting_depth2_10_top126,gradient_boosting,126,126,"{""learning_rate"": 0.1, ""max_depth"": 2, ""n_estimators"": 10}",2,movement,0.9331395348837209,0.9497041420118343,0.9413489736070382,338,0.9908297114730062,0.9843199011259541
42,100,25,240,60,4023,1016,100,160,gradient_boosting_depth2_10_top160,gradient_boosting,160,160,"{""learning_rate"": 0.1, ""max_depth"": 2, ""n_estimators"": 10}",0,empty,0.7813267813267813,0.9380530973451328,0.8525469168900804,339,0.9475192045419886,0.8510451391826866
42,100,25,240,60,4023,1016,100,160,gradient_boosting_depth2_10_top160,gradient_boosting,160,160,"{""learning_rate"": 0.1, ""max_depth"": 2, ""n_estimators"": 10}",1,static_presence,0.8721804511278195,0.6843657817109144,0.7669421487603306,339,0.8983804133279304,0.8610804739790177
42,100,25,240,60,4023,1016,100,160,gradient_boosting_depth2_10_top160,gradient_boosting,160,160,"{""learning_rate"": 0.1, ""max_depth"": 2, ""n_estimators"": 10}",2,movement,0.9358600583090378,0.9497041420118343,0.9427312775330396,338,0.9902798868932292,0.9839553541466194
42,100,25,240,60,4023,1016,100,1100,gradient_boosting_depth2_10_topall,gradient_boosting,all,1100,"{""learning_rate"": 0.1, ""max_depth"": 2, ""n_estimators"": 10}",0,empty,0.7869674185463659,0.9262536873156342,0.8509485094850948,339,0.953190154377067,0.8668394495062867
42,100,25,240,60,4023,1016,100,1100,gradient_boosting_depth2_10_topall,gradient_boosting,all,1100,"{""learning_rate"": 0.1, ""max_depth"": 2, ""n_estimators"": 10}",1,static_presence,0.8634686346863468,0.6902654867256637,0.7672131147540984,339,0.916942262192651,0.8798593350593351
42,100,25,240,60,4023,1016,100,1100,gradient_boosting_depth2_10_topall,gradient_boosting,all,1100,"{""learning_rate"": 0.1, ""max_depth"": 2, ""n_estimators"": 10}",2,movement,0.930635838150289,0.9526627218934911,0.9415204678362573,338,0.987567855335044,0.9809536638340558
42,100,25,240,60,4023,1016,100,70,gradient_boosting_depth2_20_top70,gradient_boosting,70,70,"{""learning_rate"": 0.1, ""max_depth"": 2, ""n_estimators"": 20}",0,empty,0.6416666666666667,0.9085545722713865,0.7521367521367521,339,0.8882193261090268,0.7167329073692503
42,100,25,240,60,4023,1016,100,70,gradient_boosting_depth2_20_top70,gradient_boosting,70,70,"{""learning_rate"": 0.1, ""max_depth"": 2, ""n_estimators"": 20}",1,static_presence,0.7675675675675676,0.41887905604719766,0.5419847328244275,339,0.8200611756709063,0.7028803047533576
42,100,25,240,60,4023,1016,100,70,gradient_boosting_depth2_20_top70,gradient_boosting,70,70,"{""learning_rate"": 0.1, ""max_depth"": 2, ""n_estimators"": 20}",2,movement,0.9202279202279202,0.9556213017751479,0.9375907111756169,338,0.9831583494789758,0.9587482816916137
42,100,25,240,60,4023,1016,100,100,gradient_boosting_depth2_20_top100,gradient_boosting,100,100,"{""learning_rate"": 0.1, ""max_depth"": 2, ""n_estimators"": 20}",0,empty,0.7889447236180904,0.9262536873156342,0.8521031207598372,339,0.942854777497462,0.8358233693084771
42,100,25,240,60,4023,1016,100,100,gradient_boosting_depth2_20_top100,gradient_boosting,100,100,"{""learning_rate"": 0.1, ""max_depth"": 2, ""n_estimators"": 20}",1,static_presence,0.8576642335766423,0.6932153392330384,0.766721044045677,339,0.9061471963329456,0.847615420788451
42,100,25,240,60,4023,1016,100,100,gradient_boosting_depth2_20_top100,gradient_boosting,100,100,"{""learning_rate"": 0.1, ""max_depth"": 2, ""n_estimators"": 20}",2,movement,0.9331395348837209,0.9497041420118343,0.9413489736070382,338,0.9922130002967307,0.985949360359757
42,100,25,240,60,4023,1016,100,126,gradient_boosting_depth2_20_top126,gradient_boosting,126,126,"{""learning_rate"": 0.1, ""max_depth"": 2, ""n_estimators"": 20}",0,empty,0.7890818858560794,0.9380530973451328,0.8571428571428571,339,0.9467523300349014,0.8480538954381981
42,100,25,240,60,4023,1016,100,126,gradient_boosting_depth2_20_top126,gradient_boosting,126,126,"{""learning_rate"": 0.1, ""max_depth"": 2, ""n_estimators"": 20}",1,static_presence,0.8805970149253731,0.696165191740413,0.7775947281713345,339,0.9128420979246459,0.8632511027156681
42,100,25,240,60,4023,1016,100,126,gradient_boosting_depth2_20_top126,gradient_boosting,126,126,"{""learning_rate"": 0.1, ""max_depth"": 2, ""n_estimators"": 20}",2,movement,0.9391304347826087,0.9585798816568047,0.9487554904831625,338,0.9928064617479185,0.987367177786848
42,100,25,240,60,4023,1016,100,160,gradient_boosting_depth2_20_top160,gradient_boosting,160,160,"{""learning_rate"": 0.1, ""max_depth"": 2, ""n_estimators"": 20}",0,empty,0.7764127764127764,0.9321533923303835,0.8471849865951743,339,0.9497305046121401,0.8624451321445621
42,100,25,240,60,4023,1016,100,160,gradient_boosting_depth2_20_top160,gradient_boosting,160,160,"{""learning_rate"": 0.1, ""max_depth"": 2, ""n_estimators"": 20}",1,static_presence,0.8768656716417911,0.6932153392330384,0.7742998352553542,339,0.9158442373302311,0.878936021503659
42,100,25,240,60,4023,1016,100,160,gradient_boosting_depth2_20_top160,gradient_boosting,160,160,"{""learning_rate"": 0.1, ""max_depth"": 2, ""n_estimators"": 20}",2,movement,0.9530791788856305,0.9615384615384616,0.9572901325478645,338,0.9927911888429246,0.9867375056987828
42,100,25,240,60,4023,1016,100,1100,gradient_boosting_depth2_20_topall,gradient_boosting,all,1100,"{""learning_rate"": 0.1, ""max_depth"": 2, ""n_estimators"": 20}",0,empty,0.8015267175572519,0.9292035398230089,0.860655737704918,339,0.9521858102072739,0.8568753766517159
42,100,25,240,60,4023,1016,100,1100,gradient_boosting_depth2_20_topall,gradient_boosting,all,1100,"{""learning_rate"": 0.1, ""max_depth"": 2, ""n_estimators"": 20}",1,static_presence,0.8802816901408451,0.7374631268436578,0.8025682182985554,339,0.9227570009978083,0.893211935045156
42,100,25,240,60,4023,1016,100,1100,gradient_boosting_depth2_20_topall,gradient_boosting,all,1100,"{""learning_rate"": 0.1, ""max_depth"": 2, ""n_estimators"": 20}",2,movement,0.9557522123893806,0.9585798816568047,0.9571639586410635,338,0.9908144385680124,0.9864685678149524
42,100,25,240,60,4023,1016,100,70,gradient_boosting_depth2_30_top70,gradient_boosting,70,70,"{""learning_rate"": 0.1, ""max_depth"": 2, ""n_estimators"": 30}",0,empty,0.6515151515151515,0.887905604719764,0.7515605493133583,339,0.8894720330453196,0.7287125759783996
42,100,25,240,60,4023,1016,100,70,gradient_boosting_depth2_30_top70,gradient_boosting,70,70,"{""learning_rate"": 0.1, ""max_depth"": 2, ""n_estimators"": 30}",1,static_presence,0.748792270531401,0.45722713864306785,0.5677655677655677,339,0.8241221247652537,0.7133576783565118
42,100,25,240,60,4023,1016,100,70,gradient_boosting_depth2_30_top70,gradient_boosting,70,70,"{""learning_rate"": 0.1, ""max_depth"": 2, ""n_estimators"": 30}",2,movement,0.9250720461095101,0.9497041420118343,0.9372262773722628,338,0.9838369028294147,0.9606645602608765
42,100,25,240,60,4023,1016,100,100,gradient_boosting_depth2_30_top100,gradient_boosting,100,100,"{""learning_rate"": 0.1, ""max_depth"": 2, ""n_estimators"": 30}",0,empty,0.7958656330749354,0.9085545722713865,0.8484848484848485,339,0.9447022479008989,0.8333862667707462
42,100,25,240,60,4023,1016,100,100,gradient_boosting_depth2_30_top100,gradient_boosting,100,100,"{""learning_rate"": 0.1, ""max_depth"": 2, ""n_estimators"": 30}",1,static_presence,0.8556338028169014,0.7168141592920354,0.7800963081861958,339,0.9112734909783314,0.8577823051781901
42,100,25,240,60,4023,1016,100,100,gradient_boosting_depth2_30_top100,gradient_boosting,100,100,"{""learning_rate"": 0.1, ""max_depth"": 2, ""n_estimators"": 30}",2,movement,0.9420289855072463,0.9615384615384616,0.9516837481698389,338,0.9932668307413032,0.9872931827399242
42,100,25,240,60,4023,1016,100,126,gradient_boosting_depth2_30_top126,gradient_boosting,126,126,"{""learning_rate"": 0.1, ""max_depth"": 2, ""n_estimators"": 30}",0,empty,0.8015267175572519,0.9292035398230089,0.860655737704918,339,0.9495845370213025,0.8513428365799701
42,100,25,240,60,4023,1016,100,126,gradient_boosting_depth2_30_top126,gradient_boosting,126,126,"{""learning_rate"": 0.1, ""max_depth"": 2, ""n_estimators"": 30}",1,static_presence,0.8741007194244604,0.7168141592920354,0.7876823338735819,339,0.9206001664466259,0.8787752974842951
42,100,25,240,60,4023,1016,100,126,gradient_boosting_depth2_30_top126,gradient_boosting,126,126,"{""learning_rate"": 0.1, ""max_depth"": 2, ""n_estimators"": 30}",2,movement,0.9391304347826087,0.9585798816568047,0.9487554904831625,338,0.9942573877223299,0.9896428611542732
42,100,25,240,60,4023,1016,100,160,gradient_boosting_depth2_30_top160,gradient_boosting,160,160,"{""learning_rate"": 0.1, ""max_depth"": 2, ""n_estimators"": 30}",0,empty,0.785,0.9262536873156342,0.8497970230040596,339,0.9467131148612437,0.8387080815273044
42,100,25,240,60,4023,1016,100,160,gradient_boosting_depth2_30_top160,gradient_boosting,160,160,"{""learning_rate"": 0.1, ""max_depth"": 2, ""n_estimators"": 30}",1,static_presence,0.8763636363636363,0.7109144542772862,0.7850162866449512,339,0.9141775924497719,0.882159588959331
42,100,25,240,60,4023,1016,100,160,gradient_boosting_depth2_30_top160,gradient_boosting,160,160,"{""learning_rate"": 0.1, ""max_depth"": 2, ""n_estimators"": 30}",2,movement,0.9501466275659824,0.9585798816568047,0.9543446244477173,338,0.993864655879632,0.9881052887456758
42,100,25,240,60,4023,1016,100,1100,gradient_boosting_depth2_30_topall,gradient_boosting,all,1100,"{""learning_rate"": 0.1, ""max_depth"": 2, ""n_estimators"": 30}",0,empty,0.8102564102564103,0.9321533923303835,0.8669410150891632,339,0.9550245530559514,0.8579928468781618
42,100,25,240,60,4023,1016,100,1100,gradient_boosting_depth2_30_topall,gradient_boosting,all,1100,"{""learning_rate"": 0.1, ""max_depth"": 2, ""n_estimators"": 30}",1,static_presence,0.8854166666666666,0.7522123893805309,0.8133971291866029,339,0.9270031328566511,0.9024032167188438
42,100,25,240,60,4023,1016,100,1100,gradient_boosting_depth2_30_topall,gradient_boosting,all,1100,"{""learning_rate"": 0.1, ""max_depth"": 2, ""n_estimators"": 30}",2,movement,0.9615384615384616,0.9615384615384616,0.9615384615384616,338,0.9930879195685186,0.9890551683462889
42,100,25,240,60,4023,1016,100,70,gradient_boosting_depth3_5_top70,gradient_boosting,70,70,"{""learning_rate"": 0.1, ""max_depth"": 3, ""n_estimators"": 5}",0,empty,0.625242718446602,0.9498525073746312,0.7540983606557377,339,0.8763741650435942,0.6945240556887009
42,100,25,240,60,4023,1016,100,70,gradient_boosting_depth3_5_top70,gradient_boosting,70,70,"{""learning_rate"": 0.1, ""max_depth"": 3, ""n_estimators"": 5}",1,static_presence,0.7902097902097902,0.3333333333333333,0.46887966804979253,339,0.7974841287477724,0.6673552185877432
42,100,25,240,60,4023,1016,100,70,gradient_boosting_depth3_5_top70,gradient_boosting,70,70,"{""learning_rate"": 0.1, ""max_depth"": 3, ""n_estimators"": 5}",2,movement,0.8938547486033519,0.9467455621301775,0.9195402298850575,338,0.9834768986402751,0.9662079364176294
42,100,25,240,60,4023,1016,100,100,gradient_boosting_depth3_5_top100,gradient_boosting,100,100,"{""learning_rate"": 0.1, ""max_depth"": 3, ""n_estimators"": 5}",0,empty,0.7797927461139896,0.887905604719764,0.8303448275862069,339,0.9204215195444068,0.7834984213449541
42,100,25,240,60,4023,1016,100,100,gradient_boosting_depth3_5_top100,gradient_boosting,100,100,"{""learning_rate"": 0.1, ""max_depth"": 3, ""n_estimators"": 5}",1,static_presence,0.84,0.6814159292035398,0.752442996742671,339,0.881038592088121,0.8075270607014658
42,100,25,240,60,4023,1016,100,100,gradient_boosting_depth3_5_top100,gradient_boosting,100,100,"{""learning_rate"": 0.1, ""max_depth"": 3, ""n_estimators"": 5}",2,movement,0.9183098591549296,0.9644970414201184,0.9408369408369408,338,0.9906333455516574,0.9841538659783294
42,100,25,240,60,4023,1016,100,126,gradient_boosting_depth3_5_top126,gradient_boosting,126,126,"{""learning_rate"": 0.1, ""max_depth"": 3, ""n_estimators"": 5}",0,empty,0.7727272727272727,0.9026548672566371,0.8326530612244898,339,0.9348614179335346,0.7974826768175075
42,100,25,240,60,4023,1016,100,126,gradient_boosting_depth3_5_top126,gradient_boosting,126,126,"{""learning_rate"": 0.1, ""max_depth"": 3, ""n_estimators"": 5}",1,static_presence,0.8609022556390977,0.6755162241887905,0.7570247933884298,339,0.8867247922685108,0.8494153868948483
42,100,25,240,60,4023,1016,100,126,gradient_boosting_depth3_5_top126,gradient_boosting,126,126,"{""learning_rate"": 0.1, ""max_depth"": 3, ""n_estimators"": 5}",2,movement,0.9265536723163842,0.9704142011834319,0.9479768786127167,338,0.9903453422003456,0.9838816619798343
42,100,25,240,60,4023,1016,100,160,gradient_boosting_depth3_5_top160,gradient_boosting,160,160,"{""learning_rate"": 0.1, ""max_depth"": 3, ""n_estimators"": 5}",0,empty,0.7679012345679013,0.9174041297935103,0.8360215053763441,339,0.9381881718321764,0.811031320886181
42,100,25,240,60,4023,1016,100,160,gradient_boosting_depth3_5_top160,gradient_boosting,160,160,"{""learning_rate"": 0.1, ""max_depth"": 3, ""n_estimators"": 5}",1,static_presence,0.8725868725868726,0.6666666666666666,0.7558528428093646,339,0.8792978741018636,0.8434486286924503
42,100,25,240,60,4023,1016,100,160,gradient_boosting_depth3_5_top160,gradient_boosting,160,160,"{""learning_rate"": 0.1, ""max_depth"": 3, ""n_estimators"": 5}",2,movement,0.9289772727272727,0.9674556213017751,0.9478260869565217,338,0.9893984220907298,0.9803049226685989
42,100,25,240,60,4023,1016,100,1100,gradient_boosting_depth3_5_topall,gradient_boosting,all,1100,"{""learning_rate"": 0.1, ""max_depth"": 3, ""n_estimators"": 5}",0,empty,0.7912371134020618,0.9056047197640118,0.844566712517194,339,0.9415127471100596,0.8303738420096622
42,100,25,240,60,4023,1016,100,1100,gradient_boosting_depth3_5_topall,gradient_boosting,all,1100,"{""learning_rate"": 0.1, ""max_depth"": 3, ""n_estimators"": 5}",1,static_presence,0.855072463768116,0.696165191740413,0.767479674796748,339,0.9003411720108233,0.8570406534911837
42,100,25,240,60,4023,1016,100,1100,gradient_boosting_depth3_5_topall,gradient_boosting,all,1100,"{""learning_rate"": 0.1, ""max_depth"": 3, ""n_estimators"": 5}",2,movement,0.9204545454545454,0.9585798816568047,0.9391304347826087,338,0.989784608402716,0.9822940900314616
42,100,25,240,60,4023,1016,100,70,gradient_boosting_depth3_10_top70,gradient_boosting,70,70,"{""learning_rate"": 0.1, ""max_depth"": 3, ""n_estimators"": 10}",0,empty,0.6303030303030303,0.9203539823008849,0.7482014388489209,339,0.8870276205539798,0.7127035090554303
42,100,25,240,60,4023,1016,100,70,gradient_boosting_depth3_10_top70,gradient_boosting,70,70,"{""learning_rate"": 0.1, ""max_depth"": 3, ""n_estimators"": 10}",1,static_presence,0.7716049382716049,0.3687315634218289,0.499001996007984,339,0.8181635969900176,0.7025022891634464
42,100,25,240,60,4023,1016,100,70,gradient_boosting_depth3_10_top70,gradient_boosting,70,70,"{""learning_rate"": 0.1, ""max_depth"": 3, ""n_estimators"": 10}",2,movement,0.8997214484679665,0.9556213017751479,0.926829268292683,338,0.9841358153985791,0.9658859169406059
42,100,25,240,60,4023,1016,100,100,gradient_boosting_depth3_10_top100,gradient_boosting,100,100,"{""learning_rate"": 0.1, ""max_depth"": 3, ""n_estimators"": 10}",0,empty,0.7864583333333334,0.8908554572271387,0.8354080221300139,339,0.9284737018688208,0.8079201983347913
42,100,25,240,60,4023,1016,100,100,gradient_boosting_depth3_10_top100,gradient_boosting,100,100,"{""learning_rate"": 0.1, ""max_depth"": 3, ""n_estimators"": 10}",1,static_presence,0.8415492957746479,0.7050147492625368,0.7672552166934189,339,0.8923042400317207,0.829867272791073
42,100,25,240,60,4023,1016,100,100,gradient_boosting_depth3_10_top100,gradient_boosting,100,100,"{""learning_rate"": 0.1, ""max_depth"": 3, ""n_estimators"": 10}",2,movement,0.9339080459770115,0.9615384615384616,0.9475218658892128,338,0.9914122637063412,0.9861766354596299
42,100,25,240,60,4023,1016,100,126,gradient_boosting_depth3_10_top126,gradient_boosting,126,126,"{""learning_rate"": 0.1, ""max_depth"": 3, ""n_estimators"": 10}",0,empty,0.7873417721518987,0.9174041297935103,0.8474114441416893,339,0.9375541931913745,0.8161492265185224
42,100,25,240,60,4023,1016,100,126,gradient_boosting_depth3_10_top126,gradient_boosting,126,126,"{""learning_rate"": 0.1, ""max_depth"": 3, ""n_estimators"": 10}",1,static_presence,0.868421052631579,0.6814159292035398,0.7636363636363637,339,0.8988248519627194,0.8579601981038576
42,100,25,240,60,4023,1016,100,126,gradient_boosting_depth3_10_top126,gradient_boosting,126,126,"{""learning_rate"": 0.1, ""max_depth"": 3, ""n_estimators"": 10}",2,movement,0.9183098591549296,0.9644970414201184,0.9408369408369408,338,0.9924442757152083,0.9873284321177406
42,100,25,240,60,4023,1016,100,160,gradient_boosting_depth3_10_top160,gradient_boosting,160,160,"{""learning_rate"": 0.1, ""max_depth"": 3, ""n_estimators"": 10}",0,empty,0.7816377171215881,0.9292035398230089,0.8490566037735849,339,0.9433732892380491,0.8341311995054342
42,100,25,240,60,4023,1016,100,160,gradient_boosting_depth3_10_top160,gradient_boosting,160,160,"{""learning_rate"": 0.1, ""max_depth"": 3, ""n_estimators"": 10}",1,static_presence,0.8759398496240601,0.6873156342182891,0.7702479338842976,339,0.9009838651346606,0.8684381995954615
42,100,25,240,60,4023,1016,100,160,gradient_boosting_depth3_10_top160,gradient_boosting,160,160,"{""learning_rate"": 0.1, ""max_depth"": 3, ""n_estimators"": 10}",2,movement,0.9365994236311239,0.9615384615384616,0.948905109489051,338,0.9901271578432913,0.979755855072487
42,100,25,240,60,4023,1016,100,1100,gradient_boosting_depth3_10_topall,gradient_boosting,all,1100,"{""learning_rate"": 0.1, ""max_depth"": 3, ""n_estimators"": 10}",0,empty,0.7969543147208121,0.9262536873156342,0.8567530695770805,339,0.9498655790991839,0.8477430974382152
42,100,25,240,60,4023,1016,100,1100,gradient_boosting_depth3_10_topall,gradient_boosting,all,1100,"{""learning_rate"": 0.1, ""max_depth"": 3, ""n_estimators"": 10}",1,static_presence,0.8722627737226277,0.7050147492625368,0.7797716150081566,339,0.9223800996065411,0.8892128166069002
42,100,25,240,60,4023,1016,100,1100,gradient_boosting_depth3_10_topall,gradient_boosting,all,1100,"{""learning_rate"": 0.1, ""max_depth"": 3, ""n_estimators"": 10}",2,movement,0.9281609195402298,0.9556213017751479,0.9416909620991254,338,0.9908711665008465,0.9866158050157728
42,100,25,240,60,4023,1016,100,70,gradient_boosting_depth3_20_top70,gradient_boosting,70,70,"{""learning_rate"": 0.1, ""max_depth"": 3, ""n_estimators"": 20}",0,empty,0.650319829424307,0.8997050147492626,0.754950495049505,339,0.8925896393511197,0.7336634337763098
42,100,25,240,60,4023,1016,100,70,gradient_boosting_depth3_20_top70,gradient_boosting,70,70,"{""learning_rate"": 0.1, ""max_depth"": 3, ""n_estimators"": 20}",1,static_presence,0.772020725388601,0.43952802359882004,0.5601503759398496,339,0.8288867683646838,0.7152515788766252
42,100,25,240,60,4023,1016,100,70,gradient_boosting_depth3_20_top70,gradient_boosting,70,70,"{""learning_rate"": 0.1, ""max_depth"": 3, ""n_estimators"": 20}",2,movement,0.9180790960451978,0.9615384615384616,0.9393063583815029,338,0.9849147335532631,0.96594186467108
42,100,25,240,60,4023,1016,100,100,gradient_boosting_depth3_20_top100,gradient_boosting,100,100,"{""learning_rate"": 0.1, ""max_depth"": 3, ""n_estimators"": 20}",0,empty,0.800531914893617,0.887905604719764,0.8419580419580419,339,0.9394387001477106,0.8479618359133118
42,100,25,240,60,4023,1016,100,100,gradient_boosting_depth3_20_top100,gradient_boosting,100,100,"{""learning_rate"": 0.1, ""max_depth"": 3, ""n_estimators"": 20}",1,static_presence,0.8430034129692833,0.7286135693215339,0.7816455696202531,339,0.9114826385711734,0.8519479572206664
42,100,25,240,60,4023,1016,100,100,gradient_boosting_depth3_20_top100,gradient_boosting,100,100,"{""learning_rate"": 0.1, ""max_depth"": 3, ""n_estimators"": 20}",2,movement,0.9365994236311239,0.9615384615384616,0.948905109489051,338,0.9910675324221954,0.9865412903488076
42,100,25,240,60,4023,1016,100,126,gradient_boosting_depth3_20_top126,gradient_boosting,126,126,"{""learning_rate"": 0.1, ""max_depth"": 3, ""n_estimators"": 20}",0,empty,0.7974358974358975,0.9174041297935103,0.8532235939643347,339,0.9437022609726234,0.8506336457543587
42,100,25,240,60,4023,1016,100,126,gradient_boosting_depth3_20_top126,gradient_boosting,126,126,"{""learning_rate"": 0.1, ""max_depth"": 3, ""n_estimators"": 20}",1,static_presence,0.8745519713261649,0.7197640117994101,0.7896440129449838,339,0.9203648754046788,0.8607849227265051
42,100,25,240,60,4023,1016,100,126,gradient_boosting_depth3_20_top126,gradient_boosting,126,126,"{""learning_rate"": 0.1, ""max_depth"": 3, ""n_estimators"": 20}",2,movement,0.9394812680115274,0.9644970414201184,0.9518248175182482,338,0.9939039290639018,0.9899820329101541
42,100,25,240,60,4023,1016,100,160,gradient_boosting_depth3_20_top160,gradient_boosting,160,160,"{""learning_rate"": 0.1, ""max_depth"": 3, ""n_estimators"": 20}",0,empty,0.789873417721519,0.9203539823008849,0.8501362397820164,339,0.9478547121388392,0.8511613589322982
42,100,25,240,60,4023,1016,100,160,gradient_boosting_depth3_20_top160,gradient_boosting,160,160,"{""learning_rate"": 0.1, ""max_depth"": 3, ""n_estimators"": 20}",1,static_presence,0.8832116788321168,0.7138643067846607,0.7895595432300163,339,0.9197069319355302,0.8843784884016069
42,100,25,240,60,4023,1016,100,160,gradient_boosting_depth3_20_top160,gradient_boosting,160,160,"{""learning_rate"": 0.1, ""max_depth"": 3, ""n_estimators"": 20}",2,movement,0.9423631123919308,0.9674556213017751,0.9547445255474453,338,0.9928479167757589,0.9870157260565876
42,100,25,240,60,4023,1016,100,1100,gradient_boosting_depth3_20_topall,gradient_boosting,all,1100,"{""learning_rate"": 0.1, ""max_depth"": 3, ""n_estimators"": 20}",0,empty,0.8144329896907216,0.9321533923303835,0.8693259972489684,339,0.9485170128495052,0.8354628140645944
42,100,25,240,60,4023,1016,100,1100,gradient_boosting_depth3_20_topall,gradient_boosting,all,1100,"{""learning_rate"": 0.1, ""max_depth"": 3, ""n_estimators"": 20}",1,static_presence,0.8850174216027874,0.7492625368731564,0.8115015974440895,339,0.9239247417245091,0.8970888404609149
42,100,25,240,60,4023,1016,100,1100,gradient_boosting_depth3_20_topall,gradient_boosting,all,1100,"{""learning_rate"": 0.1, ""max_depth"": 3, ""n_estimators"": 20}",2,movement,0.9501466275659824,0.9585798816568047,0.9543446244477173,338,0.9912508072821211,0.9886777702533115
